player_a,name_a,pos_a,player_b,name_b,pos_b,pair_type,matches,minutes,gf,ga,gd,gd90,gated
edmond-tapsoba,Edmond Tapsoba,DF,issa-kabore,Issa Kaboré,DF,DF-DF,24,2281,34,23,11,0.43,1
blati-toure,Blati Touré,MF,edmond-tapsoba,Edmond Tapsoba,DF,DF-MF,26,2243,39,23,16,0.64,1
edmond-tapsoba,Edmond Tapsoba,DF,issoufou-dayo,Issoufou Dayo,DF,DF-DF,23,2162,33,22,11,0.46,1
edmond-tapsoba,Edmond Tapsoba,DF,steeve-yago,Steeve Yago,DF,DF-DF,24,2114,26,26,0,0.0,1
edmond-tapsoba,Edmond Tapsoba,DF,herve-koffi,Hervé Koffi,GK,GK-DF,22,2045,29,18,11,0.48,1
herve-koffi,Hervé Koffi,GK,issa-kabore,Issa Kaboré,DF,GK-DF,22,1978,27,18,9,0.41,1
dango-ouattara,Dango Ouattara,FW,edmond-tapsoba,Edmond Tapsoba,DF,DF-FW,25,1941,30,21,9,0.42,1
blati-toure,Blati Touré,MF,issa-kabore,Issa Kaboré,DF,DF-MF,22,1931,31,19,12,0.56,1
blati-toure,Blati Touré,MF,issoufou-dayo,Issoufou Dayo,DF,DF-MF,22,1897,32,19,13,0.62,1
issa-kabore,Issa Kaboré,DF,issoufou-dayo,Issoufou Dayo,DF,DF-DF,21,1887,30,17,13,0.62,1
herve-koffi,Hervé Koffi,GK,issoufou-dayo,Issoufou Dayo,DF,GK-DF,20,1799,26,15,11,0.55,1
blati-toure,Blati Touré,MF,steeve-yago,Steeve Yago,DF,DF-MF,23,1718,23,20,3,0.16,1
herve-koffi,Hervé Koffi,GK,steeve-yago,Steeve Yago,DF,GK-DF,20,1674,22,15,7,0.38,1
issa-kabore,Issa Kaboré,DF,steeve-yago,Steeve Yago,DF,DF-DF,18,1671,22,18,4,0.22,1
issoufou-dayo,Issoufou Dayo,DF,steeve-yago,Steeve Yago,DF,DF-DF,21,1670,20,21,-1,-0.05,1
blati-toure,Blati Touré,MF,herve-koffi,Hervé Koffi,GK,GK-MF,20,1612,25,12,13,0.73,1
dango-ouattara,Dango Ouattara,FW,herve-koffi,Hervé Koffi,GK,GK-FW,18,1535,23,12,11,0.64,1
dango-ouattara,Dango Ouattara,FW,issoufou-dayo,Issoufou Dayo,DF,DF-FW,19,1520,27,13,14,0.83,1
bertrand-traore,Bertrand Traoré,FW,edmond-tapsoba,Edmond Tapsoba,DF,DF-FW,21,1480,23,18,5,0.3,1
blati-toure,Blati Touré,MF,dango-ouattara,Dango Ouattara,FW,MF-FW,21,1466,28,11,17,1.04,1
edmond-tapsoba,Edmond Tapsoba,DF,gustavo-sangare,Gustavo Sangaré,MF,DF-MF,19,1465,18,20,-2,-0.12,1
bertrand-traore,Bertrand Traoré,FW,issoufou-dayo,Issoufou Dayo,DF,DF-FW,20,1426,22,16,6,0.38,1
blati-toure,Blati Touré,MF,gustavo-sangare,Gustavo Sangaré,MF,MF-MF,18,1408,20,18,2,0.13,1
bertrand-traore,Bertrand Traoré,FW,blati-toure,Blati Touré,MF,MF-FW,21,1400,24,18,6,0.39,1
gustavo-sangare,Gustavo Sangaré,MF,issa-kabore,Issa Kaboré,DF,DF-MF,16,1395,17,17,0,0.0,1
dango-ouattara,Dango Ouattara,FW,steeve-yago,Steeve Yago,DF,DF-FW,20,1382,19,14,5,0.33,1
dango-ouattara,Dango Ouattara,FW,issa-kabore,Issa Kaboré,DF,DF-FW,19,1366,26,10,16,1.05,1
bertrand-traore,Bertrand Traoré,FW,issa-kabore,Issa Kaboré,DF,DF-FW,20,1345,22,18,4,0.27,1
bertrand-traore,Bertrand Traoré,FW,steeve-yago,Steeve Yago,DF,DF-FW,19,1311,24,15,9,0.62,1
bertrand-traore,Bertrand Traoré,FW,herve-koffi,Hervé Koffi,GK,GK-FW,19,1265,18,12,6,0.43,1
gustavo-sangare,Gustavo Sangaré,MF,herve-koffi,Hervé Koffi,GK,GK-MF,16,1262,13,10,3,0.21,1
bertrand-traore,Bertrand Traoré,FW,dango-ouattara,Dango Ouattara,FW,FW-FW,18,1205,18,7,11,0.82,1
gustavo-sangare,Gustavo Sangaré,MF,issoufou-dayo,Issoufou Dayo,DF,DF-MF,16,1202,12,15,-3,-0.22,1
gustavo-sangare,Gustavo Sangaré,MF,steeve-yago,Steeve Yago,DF,DF-MF,17,1151,15,16,-1,-0.08,1
cedric-badolo,Cedric Badolo,MF,edmond-tapsoba,Edmond Tapsoba,DF,DF-MF,18,1128,19,12,7,0.56,1
edmond-tapsoba,Edmond Tapsoba,DF,hassane-bande,Hassane Bandé,FW,DF-FW,18,1100,13,8,5,0.41,1
bertrand-traore,Bertrand Traoré,FW,gustavo-sangare,Gustavo Sangaré,MF,MF-FW,14,1029,13,15,-2,-0.17,1
adama-guira,Adama Guira,MF,issa-kabore,Issa Kaboré,DF,DF-MF,11,1024,8,7,1,0.09,1
adama-guira,Adama Guira,MF,blati-toure,Blati Touré,MF,MF-MF,11,1020,9,10,-1,-0.09,1
hassane-bande,Hassane Bandé,FW,issa-kabore,Issa Kaboré,DF,DF-FW,18,1012,11,9,2,0.18,1
issa-kabore,Issa Kaboré,DF,mohamed-konate,Mohamed Konaté,FW,DF-FW,20,1001,9,9,0,0.0,1
dango-ouattara,Dango Ouattara,FW,gustavo-sangare,Gustavo Sangaré,MF,MF-FW,15,991,10,11,-1,-0.09,1
edmond-tapsoba,Edmond Tapsoba,DF,saidou-simpore,Saïdou Simporé,DF,DF-DF,17,988,16,11,5,0.46,1
edmond-tapsoba,Edmond Tapsoba,DF,mohamed-konate,Mohamed Konaté,FW,DF-FW,19,965,9,10,-1,-0.09,1
hassane-bande,Hassane Bandé,FW,steeve-yago,Steeve Yago,DF,DF-FW,17,955,9,11,-2,-0.19,1
edmond-tapsoba,Edmond Tapsoba,DF,ismahila-ouedraogo,Ismahila Ouédraogo,MF,DF-MF,14,954,14,12,2,0.19,1
adama-guira,Adama Guira,MF,edmond-tapsoba,Edmond Tapsoba,DF,DF-MF,10,928,8,8,0,0.0,1
adama-guira,Adama Guira,MF,steeve-yago,Steeve Yago,DF,DF-MF,10,915,8,9,-1,-0.1,1
herve-koffi,Hervé Koffi,GK,mohamed-konate,Mohamed Konaté,FW,GK-FW,17,902,8,9,-1,-0.1,1
ismahila-ouedraogo,Ismahila Ouédraogo,MF,issoufou-dayo,Issoufou Dayo,DF,DF-MF,13,900,10,10,0,0.0,1
issa-kabore,Issa Kaboré,DF,saidou-simpore,Saïdou Simporé,DF,DF-DF,13,891,18,8,10,1.01,1
adama-guira,Adama Guira,MF,herve-koffi,Hervé Koffi,GK,GK-MF,10,879,7,4,3,0.31,1
herve-koffi,Hervé Koffi,GK,saidou-simpore,Saïdou Simporé,DF,GK-DF,12,822,18,10,8,0.88,1
adama-guira,Adama Guira,MF,gustavo-sangare,Gustavo Sangaré,MF,MF-MF,11,819,7,7,0,0.0,1
herve-koffi,Hervé Koffi,GK,ismahila-ouedraogo,Ismahila Ouédraogo,MF,GK-MF,12,810,11,10,1,0.11,1
issoufou-dayo,Issoufou Dayo,DF,mohamed-konate,Mohamed Konaté,FW,DF-FW,13,807,10,4,6,0.67,1
adama-guira,Adama Guira,MF,issoufou-dayo,Issoufou Dayo,DF,DF-MF,9,802,6,8,-2,-0.22,1
bertrand-traore,Bertrand Traoré,FW,ismahila-ouedraogo,Ismahila Ouédraogo,MF,MF-FW,12,802,13,10,3,0.34,1
cedric-badolo,Cedric Badolo,MF,steeve-yago,Steeve Yago,DF,DF-MF,13,799,10,9,1,0.11,1
adamo-nagalo,Adamo Nagalo,DF,herve-koffi,Hervé Koffi,GK,GK-DF,11,783,13,10,3,0.34,1
ismahila-ouedraogo,Ismahila Ouédraogo,MF,steeve-yago,Steeve Yago,DF,DF-MF,13,778,12,10,2,0.23,1
cedric-badolo,Cedric Badolo,MF,issa-kabore,Issa Kaboré,DF,DF-MF,15,761,9,7,2,0.24,1
cedric-badolo,Cedric Badolo,MF,issoufou-dayo,Issoufou Dayo,DF,DF-MF,14,757,9,9,0,0.0,1
hassane-bande,Hassane Bandé,FW,issoufou-dayo,Issoufou Dayo,DF,DF-FW,14,748,6,8,-2,-0.24,1
edmond-tapsoba,Edmond Tapsoba,DF,lassina-traore,Lassina Traoré,FW,DF-FW,12,727,15,9,6,0.74,1
blati-toure,Blati Touré,MF,mohamed-konate,Mohamed Konaté,FW,MF-FW,15,721,9,5,4,0.5,1
blati-toure,Blati Touré,MF,ismahila-ouedraogo,Ismahila Ouédraogo,MF,MF-MF,12,721,13,9,4,0.5,1
dango-ouattara,Dango Ouattara,FW,ismahila-ouedraogo,Ismahila Ouédraogo,MF,MF-FW,10,721,6,5,1,0.12,1
cedric-badolo,Cedric Badolo,MF,herve-koffi,Hervé Koffi,GK,GK-MF,13,709,10,6,4,0.51,1
issoufou-dayo,Issoufou Dayo,DF,saidou-simpore,Saïdou Simporé,DF,DF-DF,11,704,15,5,10,1.28,1
blati-toure,Blati Touré,MF,cedric-badolo,Cedric Badolo,MF,MF-MF,12,693,13,7,6,0.78,1
saidou-simpore,Saïdou Simporé,DF,steeve-yago,Steeve Yago,DF,DF-DF,11,691,10,7,3,0.39,1
adamo-nagalo,Adamo Nagalo,DF,issa-kabore,Issa Kaboré,DF,DF-DF,9,689,11,8,3,0.39,1
edmond-tapsoba,Edmond Tapsoba,DF,stephane-aziz-ki,Stephane Aziz Ki,MF,DF-MF,12,673,12,6,6,0.8,1
adamo-nagalo,Adamo Nagalo,DF,dango-ouattara,Dango Ouattara,FW,DF-FW,11,673,14,11,3,0.4,1
dango-ouattara,Dango Ouattara,FW,saidou-simpore,Saïdou Simporé,DF,DF-FW,13,667,17,8,9,1.21,1
blati-toure,Blati Touré,MF,hassane-bande,Hassane Bandé,FW,MF-FW,13,655,7,3,4,0.55,1
hassane-bande,Hassane Bandé,FW,herve-koffi,Hervé Koffi,GK,GK-FW,14,648,9,5,4,0.56,1
mohamed-konate,Mohamed Konaté,FW,steeve-yago,Steeve Yago,DF,DF-FW,16,647,3,5,-2,-0.28,1
cedric-badolo,Cedric Badolo,MF,dango-ouattara,Dango Ouattara,FW,MF-FW,13,636,13,9,4,0.57,1
abdoul-guiebre,Abdoul Guiebre,DF,issoufou-dayo,Issoufou Dayo,DF,DF-DF,7,633,8,3,5,0.71,1
lassina-traore,Lassina Traoré,FW,saidou-simpore,Saïdou Simporé,DF,DF-FW,12,630,15,6,9,1.29,1
lassina-traore,Lassina Traoré,FW,steeve-yago,Steeve Yago,DF,DF-FW,11,629,11,11,0,0.0,1
issoufou-dayo,Issoufou Dayo,DF,stephane-aziz-ki,Stephane Aziz Ki,MF,DF-MF,13,626,10,5,5,0.72,1
adamo-nagalo,Adamo Nagalo,DF,edmond-tapsoba,Edmond Tapsoba,DF,DF-DF,9,613,9,12,-3,-0.44,1
edmond-tapsoba,Edmond Tapsoba,DF,kilian-nikiema,Kilian Nikiema,GK,GK-DF,7,612,9,11,-2,-0.29,1
adama-guira,Adama Guira,MF,bertrand-traore,Bertrand Traoré,FW,MF-FW,8,611,6,7,-1,-0.15,1
issoufou-dayo,Issoufou Dayo,DF,lassina-traore,Lassina Traoré,FW,DF-FW,10,608,12,8,4,0.59,1
gustavo-sangare,Gustavo Sangaré,MF,ismahila-ouedraogo,Ismahila Ouédraogo,MF,MF-MF,8,598,9,9,0,0.0,1
dango-ouattara,Dango Ouattara,FW,lassina-traore,Lassina Traoré,FW,FW-FW,11,596,16,8,8,1.21,1
abdoul-tapsoba,Abdoul Tapsoba,FW,blati-toure,Blati Touré,MF,MF-FW,12,595,11,9,2,0.3,1
arsene-kouassi,Arsène Kouassi,DF,edmond-tapsoba,Edmond Tapsoba,DF,DF-DF,6,581,4,10,-6,-0.93,1
blati-toure,Blati Touré,MF,cyrille-bayala,Cyrille Bayala,FW,MF-FW,8,575,5,5,0,0.0,1
abdoul-tapsoba,Abdoul Tapsoba,FW,issa-kabore,Issa Kaboré,DF,DF-FW,12,574,10,9,1,0.16,1
ismahila-ouedraogo,Ismahila Ouédraogo,MF,issa-kabore,Issa Kaboré,DF,DF-MF,11,571,8,9,-1,-0.16,1
dango-ouattara,Dango Ouattara,FW,kilian-nikiema,Kilian Nikiema,GK,GK-FW,7,571,9,11,-2,-0.32,1
cyrille-bayala,Cyrille Bayala,FW,issa-kabore,Issa Kaboré,DF,DF-FW,8,565,5,3,2,0.32,1
abdoul-tapsoba,Abdoul Tapsoba,FW,edmond-tapsoba,Edmond Tapsoba,DF,DF-FW,13,565,10,8,2,0.32,1
adamo-nagalo,Adamo Nagalo,DF,steeve-yago,Steeve Yago,DF,DF-DF,8,556,14,7,7,1.13,1
abdoul-tapsoba,Abdoul Tapsoba,FW,steeve-yago,Steeve Yago,DF,DF-FW,11,555,10,10,0,0.0,1
cyrille-bayala,Cyrille Bayala,FW,gustavo-sangare,Gustavo Sangaré,MF,MF-FW,9,555,5,4,1,0.16,1
issa-kabore,Issa Kaboré,DF,lassina-traore,Lassina Traoré,FW,DF-FW,8,549,15,4,11,1.8,1
edmond-tapsoba,Edmond Tapsoba,DF,sacha-banse,Sacha Bansé,MF,DF-MF,8,548,10,8,2,0.33,1
edmond-tapsoba,Edmond Tapsoba,DF,farid-ouedraogo,Farid Ouédraogo,GK,GK-DF,6,545,11,9,2,0.33,1
farid-ouedraogo,Farid Ouédraogo,GK,issa-kabore,Issa Kaboré,DF,GK-DF,6,545,11,9,2,0.33,1
cedric-badolo,Cedric Badolo,MF,hassane-bande,Hassane Bandé,FW,MF-FW,10,545,8,4,4,0.66,1
farid-ouedraogo,Farid Ouédraogo,GK,issoufou-dayo,Issoufou Dayo,DF,GK-DF,6,542,8,9,-1,-0.17,1
abdoul-guiebre,Abdoul Guiebre,DF,herve-koffi,Hervé Koffi,GK,GK-DF,6,539,5,2,3,0.5,1
abdoul-guiebre,Abdoul Guiebre,DF,dango-ouattara,Dango Ouattara,FW,DF-FW,6,537,8,3,5,0.84,1
edmond-tapsoba,Edmond Tapsoba,DF,mohamed-ouedraogo,Mohamed Ouédraogo,DF,DF-DF,7,536,13,9,4,0.67,1
dango-ouattara,Dango Ouattara,FW,stephane-aziz-ki,Stephane Aziz Ki,MF,MF-FW,12,534,11,6,5,0.84,1
dango-ouattara,Dango Ouattara,FW,mohamed-konate,Mohamed Konaté,FW,FW-FW,14,532,7,6,1,0.17,1
farid-ouedraogo,Farid Ouédraogo,GK,steeve-yago,Steeve Yago,DF,GK-DF,6,529,7,11,-4,-0.68,1
dango-ouattara,Dango Ouattara,FW,hassane-bande,Hassane Bandé,FW,FW-FW,12,528,7,5,2,0.34,1
blati-toure,Blati Touré,MF,saidou-simpore,Saïdou Simporé,DF,DF-MF,11,523,11,3,8,1.38,1
adamo-nagalo,Adamo Nagalo,DF,mohamed-konate,Mohamed Konaté,FW,DF-FW,9,519,3,8,-5,-0.87,1
cyrille-bayala,Cyrille Bayala,FW,issoufou-dayo,Issoufou Dayo,DF,DF-FW,8,517,4,5,-1,-0.17,1
lassina-traore,Lassina Traoré,FW,sacha-banse,Sacha Bansé,MF,MF-FW,7,502,10,8,2,0.36,1
cyrille-bayala,Cyrille Bayala,FW,edmond-tapsoba,Edmond Tapsoba,DF,DF-FW,7,501,4,3,1,0.18,1
abdoul-guiebre,Abdoul Guiebre,DF,issa-kabore,Issa Kaboré,DF,DF-DF,6,500,5,3,2,0.36,1
herve-koffi,Hervé Koffi,GK,lassina-traore,Lassina Traoré,FW,GK-FW,9,499,13,5,8,1.44,1
abdoul-guiebre,Abdoul Guiebre,DF,gustavo-sangare,Gustavo Sangaré,MF,DF-MF,7,492,5,3,2,0.37,1
abdoul-tapsoba,Abdoul Tapsoba,FW,issoufou-dayo,Issoufou Dayo,DF,DF-FW,10,483,8,7,1,0.19,1
adama-guira,Adama Guira,MF,dango-ouattara,Dango Ouattara,FW,MF-FW,6,482,5,4,1,0.19,1
abdoul-tapsoba,Abdoul Tapsoba,FW,gustavo-sangare,Gustavo Sangaré,MF,MF-FW,10,481,9,8,1,0.19,1
adamo-nagalo,Adamo Nagalo,DF,issoufou-dayo,Issoufou Dayo,DF,DF-DF,7,474,9,5,4,0.76,1
cedric-badolo,Cedric Badolo,MF,saidou-simpore,Saïdou Simporé,DF,DF-MF,10,473,7,2,5,0.95,1
abdoul-tapsoba,Abdoul Tapsoba,FW,herve-koffi,Hervé Koffi,GK,GK-FW,10,472,6,6,0,0.0,1
hassane-bande,Hassane Bandé,FW,saidou-simpore,Saïdou Simporé,DF,DF-FW,9,472,6,4,2,0.38,1
adama-guira,Adama Guira,MF,cyrille-bayala,Cyrille Bayala,FW,MF-FW,7,468,4,5,-1,-0.19,1
sacha-banse,Sacha Bansé,MF,steeve-yago,Steeve Yago,DF,DF-MF,6,468,4,10,-6,-1.15,1
gustavo-sangare,Gustavo Sangaré,MF,hassane-bande,Hassane Bandé,FW,MF-FW,9,467,4,4,0,0.0,1
hassane-bande,Hassane Bandé,FW,sacha-banse,Sacha Bansé,MF,MF-FW,7,460,5,7,-2,-0.39,1
blati-toure,Blati Touré,MF,stephane-aziz-ki,Stephane Aziz Ki,MF,MF-MF,9,456,10,4,6,1.18,1
cedric-badolo,Cedric Badolo,MF,stephane-aziz-ki,Stephane Aziz Ki,MF,MF-MF,9,455,6,4,2,0.4,1
herve-koffi,Hervé Koffi,GK,stephane-aziz-ki,Stephane Aziz Ki,MF,GK-MF,10,454,4,2,2,0.4,1
abdoul-guiebre,Abdoul Guiebre,DF,blati-toure,Blati Touré,MF,DF-MF,5,451,8,2,6,1.2,1
hassane-bande,Hassane Bandé,FW,lassina-traore,Lassina Traoré,FW,FW-FW,7,450,7,6,1,0.2,1
blati-toure,Blati Touré,MF,farid-ouedraogo,Farid Ouédraogo,GK,GK-MF,5,449,11,8,3,0.6,1
arsene-kouassi,Arsène Kouassi,DF,herve-koffi,Hervé Koffi,GK,GK-DF,5,442,3,7,-4,-0.81,1
abdoul-guiebre,Abdoul Guiebre,DF,edmond-tapsoba,Edmond Tapsoba,DF,DF-DF,5,441,7,2,5,1.02,1
adamo-nagalo,Adamo Nagalo,DF,gustavo-sangare,Gustavo Sangaré,MF,DF-MF,7,441,7,6,1,0.2,1
gustavo-sangare,Gustavo Sangaré,MF,mohamed-konate,Mohamed Konaté,FW,MF-FW,9,438,3,6,-3,-0.62,1
steeve-yago,Steeve Yago,DF,stephane-aziz-ki,Stephane Aziz Ki,MF,DF-MF,9,433,5,4,1,0.21,1
dango-ouattara,Dango Ouattara,FW,mohamed-zougrana,Mohamed Zougrana,MF,MF-FW,7,430,7,3,4,0.84,1
cedric-badolo,Cedric Badolo,MF,sacha-banse,Sacha Bansé,MF,MF-MF,7,426,5,5,0,0.0,1
adamo-nagalo,Adamo Nagalo,DF,saidou-simpore,Saïdou Simporé,DF,DF-DF,8,425,8,8,0,0.0,1
cedric-badolo,Cedric Badolo,MF,lassina-traore,Lassina Traoré,FW,MF-FW,9,422,7,3,4,0.85,1
adamo-nagalo,Adamo Nagalo,DF,blati-toure,Blati Touré,MF,DF-MF,8,419,9,4,5,1.07,1
farid-ouedraogo,Farid Ouédraogo,GK,hassane-bande,Hassane Bandé,FW,GK-FW,7,418,2,7,-5,-1.08,1
cyrille-bayala,Cyrille Bayala,FW,steeve-yago,Steeve Yago,DF,DF-FW,6,414,4,4,0,0.0,1
cedric-badolo,Cedric Badolo,MF,mohamed-konate,Mohamed Konaté,FW,MF-FW,10,412,2,3,-1,-0.22,1
arsene-kouassi,Arsène Kouassi,DF,dango-ouattara,Dango Ouattara,FW,DF-FW,5,412,3,8,-5,-1.09,1
cyrille-bayala,Cyrille Bayala,FW,herve-koffi,Hervé Koffi,GK,GK-FW,6,407,4,2,2,0.44,1
issa-kabore,Issa Kaboré,DF,josue-tiendrebeogo,Josué Tiendrébéogo,MF,DF-MF,7,402,12,3,9,2.01,1
josue-tiendrebeogo,Josué Tiendrébéogo,MF,saidou-simpore,Saïdou Simporé,DF,DF-MF,7,394,12,3,9,2.06,1
ismahila-ouedraogo,Ismahila Ouédraogo,MF,mohamed-konate,Mohamed Konaté,FW,MF-FW,8,392,4,4,0,0.0,1
adamo-nagalo,Adamo Nagalo,DF,bertrand-traore,Bertrand Traoré,FW,DF-FW,8,391,11,4,7,1.61,1
adamo-nagalo,Adamo Nagalo,DF,cedric-badolo,Cedric Badolo,MF,DF-MF,8,387,7,5,2,0.47,1
lassina-traore,Lassina Traoré,FW,nasser-djiga,Nasser Djiga,DF,DF-FW,5,384,7,7,0,0.0,1
nasser-djiga,Nasser Djiga,DF,steeve-yago,Steeve Yago,DF,DF-DF,5,381,4,8,-4,-0.94,1
blati-toure,Blati Touré,MF,kilian-nikiema,Kilian Nikiema,GK,GK-MF,6,379,6,6,0,0.0,1
herve-koffi,Hervé Koffi,GK,josue-tiendrebeogo,Josué Tiendrébéogo,MF,GK-MF,6,378,14,3,11,2.62,1
mohamed-konate,Mohamed Konaté,FW,saidou-simpore,Saïdou Simporé,DF,DF-FW,13,377,6,5,1,0.24,1
bertrand-traore,Bertrand Traoré,FW,mohamed-konate,Mohamed Konaté,FW,FW-FW,10,374,3,3,0,0.0,1
bertrand-traore,Bertrand Traoré,FW,cedric-badolo,Cedric Badolo,MF,MF-FW,10,372,6,6,0,0.0,1
hassane-bande,Hassane Bandé,FW,nasser-djiga,Nasser Djiga,DF,DF-FW,6,371,5,6,-1,-0.24,1
abdoul-tapsoba,Abdoul Tapsoba,FW,adama-guira,Adama Guira,MF,MF-FW,8,370,5,4,1,0.24,1
cyriaque-irie,Cyriaque Irié,FW,edmond-tapsoba,Edmond Tapsoba,DF,DF-FW,7,368,7,3,4,0.98,1
cyriaque-irie,Cyriaque Irié,FW,saidou-simpore,Saïdou Simporé,DF,DF-FW,7,368,7,3,4,0.98,1
dango-ouattara,Dango Ouattara,FW,mohamed-ouedraogo,Mohamed Ouédraogo,DF,DF-FW,6,367,7,7,0,0.0,1
issa-kabore,Issa Kaboré,DF,sacha-banse,Sacha Bansé,MF,DF-MF,6,364,7,4,3,0.74,1
arsene-kouassi,Arsène Kouassi,DF,issoufou-dayo,Issoufou Dayo,DF,DF-DF,4,361,3,5,-2,-0.5,1
issoufou-dayo,Issoufou Dayo,DF,josue-tiendrebeogo,Josué Tiendrébéogo,MF,DF-MF,7,360,13,5,8,2.0,1
bertrand-traore,Bertrand Traoré,FW,farid-ouedraogo,Farid Ouédraogo,GK,GK-FW,5,359,10,8,2,0.5,1
herve-koffi,Hervé Koffi,GK,mohamed-zougrana,Mohamed Zougrana,MF,GK-MF,5,358,7,3,4,1.01,1
edmond-tapsoba,Edmond Tapsoba,DF,georgi-minoungou,Georgi Minoungou,FW,DF-FW,9,357,8,5,3,0.76,1
cyriaque-irie,Cyriaque Irié,FW,herve-koffi,Hervé Koffi,GK,GK-FW,7,355,7,3,4,1.01,1
bertrand-traore,Bertrand Traoré,FW,mohamed-zougrana,Mohamed Zougrana,MF,MF-FW,5,354,7,1,6,1.53,1
issoufou-dayo,Issoufou Dayo,DF,mohamed-zougrana,Mohamed Zougrana,MF,DF-MF,5,354,7,1,6,1.53,1
arsene-kouassi,Arsène Kouassi,DF,saidou-simpore,Saïdou Simporé,DF,DF-DF,6,352,4,7,-3,-0.77,1
lassina-traore,Lassina Traoré,FW,mohamed-ouedraogo,Mohamed Ouédraogo,DF,DF-FW,5,351,10,5,5,1.28,1
adama-guira,Adama Guira,MF,hassane-bande,Hassane Bandé,FW,MF-FW,6,350,4,3,1,0.26,1
edmond-tapsoba,Edmond Tapsoba,DF,soumaila-ouattara,Soumaïla Ouattara,DF,DF-DF,3,350,5,4,1,,0
issa-kabore,Issa Kaboré,DF,soumaila-ouattara,Soumaïla Ouattara,DF,DF-DF,3,350,5,4,1,,0
soumaila-ouattara,Soumaïla Ouattara,DF,steeve-yago,Steeve Yago,DF,DF-DF,3,350,5,4,1,,0
abdoul-tapsoba,Abdoul Tapsoba,FW,bertrand-traore,Bertrand Traoré,FW,FW-FW,9,348,8,7,1,0.26,1
blati-toure,Blati Touré,MF,lassina-traore,Lassina Traoré,FW,MF-FW,8,347,9,4,5,1.3,1
nasser-djiga,Nasser Djiga,DF,sacha-banse,Sacha Bansé,MF,DF-MF,4,345,4,6,-2,-0.52,1
blati-toure,Blati Touré,MF,soumaila-ouattara,Soumaïla Ouattara,DF,DF-MF,3,344,5,4,1,,0
mohamed-zougrana,Mohamed Zougrana,MF,steeve-yago,Steeve Yago,DF,DF-MF,5,343,7,2,5,1.31,1
bertrand-traore,Bertrand Traoré,FW,stephane-aziz-ki,Stephane Aziz Ki,MF,MF-FW,8,338,6,3,3,0.8,1
mohamed-ouedraogo,Mohamed Ouédraogo,DF,sacha-banse,Sacha Bansé,MF,DF-MF,5,333,9,5,4,1.08,1
adama-guira,Adama Guira,MF,cedric-badolo,Cedric Badolo,MF,MF-MF,4,330,2,4,-2,-0.55,1
dango-ouattara,Dango Ouattara,FW,sacha-banse,Sacha Bansé,MF,MF-FW,6,329,7,7,0,0.0,1
josue-tiendrebeogo,Josué Tiendrébéogo,MF,steeve-yago,Steeve Yago,DF,DF-MF,6,328,9,6,3,0.82,1
adama-guira,Adama Guira,MF,mohamed-konate,Mohamed Konaté,FW,MF-FW,7,327,0,1,-1,-0.28,1
cyrille-bayala,Cyrille Bayala,FW,hassane-bande,Hassane Bandé,FW,FW-FW,5,325,3,1,2,0.55,1
herve-koffi,Hervé Koffi,GK,nasser-djiga,Nasser Djiga,DF,GK-DF,5,322,6,5,1,0.28,1
issa-kabore,Issa Kaboré,DF,nasser-djiga,Nasser Djiga,DF,DF-DF,5,322,6,5,1,0.28,1
hassane-bande,Hassane Bandé,FW,mohamed-konate,Mohamed Konaté,FW,FW-FW,11,320,1,3,-2,-0.56,1
bertrand-traore,Bertrand Traoré,FW,saidou-simpore,Saïdou Simporé,DF,DF-FW,9,320,6,2,4,1.12,1
cedric-badolo,Cedric Badolo,MF,kilian-nikiema,Kilian Nikiema,GK,GK-MF,5,313,8,6,2,0.58,1
gustavo-sangare,Gustavo Sangaré,MF,soumaila-ouattara,Soumaïla Ouattara,DF,DF-MF,3,309,5,3,2,,0
bertrand-traore,Bertrand Traoré,FW,lassina-traore,Lassina Traoré,FW,FW-FW,7,304,10,1,9,2.66,1
edmond-tapsoba,Edmond Tapsoba,DF,nasser-djiga,Nasser Djiga,DF,DF-DF,4,304,5,5,0,0.0,1
cedric-badolo,Cedric Badolo,MF,gustavo-sangare,Gustavo Sangaré,MF,MF-MF,7,302,6,5,1,0.3,1
issoufou-dayo,Issoufou Dayo,DF,sacha-banse,Sacha Bansé,MF,DF-MF,5,301,4,6,-2,-0.6,1
farid-ouedraogo,Farid Ouédraogo,GK,lassina-traore,Lassina Traoré,FW,GK-FW,4,301,5,5,0,0.0,1
issoufou-dayo,Issoufou Dayo,DF,kilian-nikiema,Kilian Nikiema,GK,GK-DF,4,297,5,4,1,0.3,1
issa-kabore,Issa Kaboré,DF,mohamed-zougrana,Mohamed Zougrana,MF,DF-MF,4,297,6,2,4,1.21,1
issa-kabore,Issa Kaboré,DF,stephane-aziz-ki,Stephane Aziz Ki,MF,DF-MF,6,294,4,2,2,0.61,1
edmond-tapsoba,Edmond Tapsoba,DF,mohamed-zougrana,Mohamed Zougrana,MF,DF-MF,5,294,4,1,3,0.92,1
georgi-minoungou,Georgi Minoungou,FW,issoufou-dayo,Issoufou Dayo,DF,DF-FW,8,293,8,3,5,1.54,1
dango-ouattara,Dango Ouattara,FW,josue-tiendrebeogo,Josué Tiendrébéogo,MF,MF-FW,5,291,12,1,11,3.4,1
cedric-badolo,Cedric Badolo,MF,nasser-djiga,Nasser Djiga,DF,DF-MF,6,289,4,4,0,0.0,1
adamo-nagalo,Adamo Nagalo,DF,lassina-traore,Lassina Traoré,FW,DF-FW,5,289,8,4,4,1.25,1
mohamed-ouedraogo,Mohamed Ouédraogo,DF,steeve-yago,Steeve Yago,DF,DF-DF,4,284,6,5,1,0.32,1
cyriaque-irie,Cyriaque Irié,FW,issoufou-dayo,Issoufou Dayo,DF,DF-FW,6,284,7,2,5,1.58,1
cyrille-bayala,Cyrille Bayala,FW,dango-ouattara,Dango Ouattara,FW,FW-FW,4,280,2,2,0,0.0,1
nasser-djiga,Nasser Djiga,DF,saidou-simpore,Saïdou Simporé,DF,DF-DF,5,280,7,3,4,1.29,1
kilian-nikiema,Kilian Nikiema,GK,steeve-yago,Steeve Yago,DF,GK-DF,4,279,5,6,-1,-0.32,1
abdoul-guiebre,Abdoul Guiebre,DF,bertrand-traore,Bertrand Traoré,FW,DF-FW,4,272,2,2,0,0.0,1
dango-ouattara,Dango Ouattara,FW,georgi-minoungou,Georgi Minoungou,FW,FW-FW,7,268,5,4,1,,0
josue-tiendrebeogo,Josué Tiendrébéogo,MF,lassina-traore,Lassina Traoré,FW,MF-FW,4,267,6,5,1,,0
abdoul-guiebre,Abdoul Guiebre,DF,ismahila-ouedraogo,Ismahila Ouédraogo,MF,DF-MF,4,265,3,2,1,,0
arsene-kouassi,Arsène Kouassi,DF,georgi-minoungou,Georgi Minoungou,FW,DF-FW,5,263,4,4,0,,0
farid-ouedraogo,Farid Ouédraogo,GK,sacha-banse,Sacha Bansé,MF,GK-MF,3,262,4,5,-1,,0
adamo-nagalo,Adamo Nagalo,DF,arsene-kouassi,Arsène Kouassi,DF,DF-DF,4,262,1,7,-6,,0
cedric-badolo,Cedric Badolo,MF,mohamed-ouedraogo,Mohamed Ouédraogo,DF,DF-MF,5,261,6,2,4,,0
georgi-minoungou,Georgi Minoungou,FW,saidou-simpore,Saïdou Simporé,DF,DF-FW,7,261,6,2,4,,0
georgi-minoungou,Georgi Minoungou,FW,herve-koffi,Hervé Koffi,GK,GK-FW,7,260,7,3,4,,0
bertrand-traore,Bertrand Traoré,FW,hassane-bande,Hassane Bandé,FW,FW-FW,5,258,3,3,0,,0
arsene-kouassi,Arsène Kouassi,DF,blati-toure,Blati Touré,MF,DF-MF,3,255,4,2,2,,0
edmond-tapsoba,Edmond Tapsoba,DF,josue-tiendrebeogo,Josué Tiendrébéogo,MF,DF-MF,6,254,8,3,5,,0
arsene-kouassi,Arsène Kouassi,DF,ismahila-ouedraogo,Ismahila Ouédraogo,MF,DF-MF,3,254,0,3,-3,,0
hassane-bande,Hassane Bandé,FW,mohamed-ouedraogo,Mohamed Ouédraogo,DF,DF-FW,5,252,6,1,5,,0
ismahila-ouedraogo,Ismahila Ouédraogo,MF,stephane-aziz-ki,Stephane Aziz Ki,MF,MF-MF,5,251,1,1,0,,0
adamo-nagalo,Adamo Nagalo,DF,josue-tiendrebeogo,Josué Tiendrébéogo,MF,DF-MF,4,251,7,2,5,,0
lassina-traore,Lassina Traoré,FW,stephane-aziz-ki,Stephane Aziz Ki,MF,MF-FW,4,249,9,3,6,,0
arsene-kouassi,Arsène Kouassi,DF,steeve-yago,Steeve Yago,DF,DF-DF,3,249,0,4,-4,,0
djibril-ouattara,Djibril Ouattara,FW,edmond-tapsoba,Edmond Tapsoba,DF,DF-FW,5,248,6,5,1,,0
djibril-ouattara,Djibril Ouattara,FW,issa-kabore,Issa Kaboré,DF,DF-FW,5,248,6,5,1,,0
sacha-banse,Sacha Bansé,MF,saidou-simpore,Saïdou Simporé,DF,DF-MF,5,248,4,2,2,,0
dango-ouattara,Dango Ouattara,FW,nasser-djiga,Nasser Djiga,DF,DF-FW,4,247,3,5,-2,,0
arsene-kouassi,Arsène Kouassi,DF,cyriaque-irie,Cyriaque Irié,FW,DF-FW,5,247,3,3,0,,0
kilian-nikiema,Kilian Nikiema,GK,mohamed-ouedraogo,Mohamed Ouédraogo,DF,GK-DF,4,246,3,6,-3,,0
mohamed-zougrana,Mohamed Zougrana,MF,saidou-simpore,Saïdou Simporé,DF,DF-MF,4,244,6,2,4,,0
edmond-tapsoba,Edmond Tapsoba,DF,pierre-landry-kabore,Pierre Landry Kaboré,FW,DF-FW,7,241,4,4,0,,0
hassane-bande,Hassane Bandé,FW,josue-tiendrebeogo,Josué Tiendrébéogo,MF,MF-FW,4,238,1,6,-5,,0
djibril-ouattara,Djibril Ouattara,FW,gustavo-sangare,Gustavo Sangaré,MF,MF-FW,4,237,5,5,0,,0
edmond-tapsoba,Edmond Tapsoba,DF,ousseni-bouda,Ousseni Bouda,FW,DF-FW,8,236,4,6,-2,,0
adamo-nagalo,Adamo Nagalo,DF,hassane-bande,Hassane Bandé,FW,DF-FW,5,236,3,4,-1,,0
adama-guira,Adama Guira,MF,adamo-nagalo,Adamo Nagalo,DF,DF-MF,3,233,1,1,0,,0
issoufou-dayo,Issoufou Dayo,DF,mohamed-ouedraogo,Mohamed Ouédraogo,DF,DF-DF,4,230,7,2,5,,0
arsene-kouassi,Arsène Kouassi,DF,bertrand-traore,Bertrand Traoré,FW,DF-FW,4,228,0,3,-3,,0
abdoul-guiebre,Abdoul Guiebre,DF,cedric-badolo,Cedric Badolo,MF,DF-MF,5,226,5,2,3,,0
blati-toure,Blati Touré,MF,cyriaque-irie,Cyriaque Irié,FW,MF-FW,5,226,7,0,7,,0
farid-ouedraogo,Farid Ouédraogo,GK,gustavo-sangare,Gustavo Sangaré,MF,GK-MF,3,225,5,7,-2,,0
adamo-nagalo,Adamo Nagalo,DF,ismahila-ouedraogo,Ismahila Ouédraogo,MF,DF-MF,5,225,6,5,1,,0
cedric-badolo,Cedric Badolo,MF,farid-ouedraogo,Farid Ouédraogo,GK,GK-MF,4,225,1,2,-1,,0
adamo-nagalo,Adamo Nagalo,DF,kilian-nikiema,Kilian Nikiema,GK,GK-DF,3,223,3,5,-2,,0
adama-guira,Adama Guira,MF,soumaila-ouattara,Soumaïla Ouattara,DF,DF-MF,2,222,2,1,1,,0
herve-koffi,Hervé Koffi,GK,soumaila-ouattara,Soumaïla Ouattara,DF,GK-DF,2,222,2,1,1,,0
bertrand-traore,Bertrand Traoré,FW,cyrille-bayala,Cyrille Bayala,FW,FW-FW,4,220,2,3,-1,,0
cyriaque-irie,Cyriaque Irié,FW,dango-ouattara,Dango Ouattara,FW,FW-FW,5,220,6,2,4,,0
farid-ouedraogo,Farid Ouédraogo,GK,saidou-simpore,Saïdou Simporé,DF,GK-DF,3,219,2,1,1,,0
djibril-ouattara,Djibril Ouattara,FW,steeve-yago,Steeve Yago,DF,DF-FW,5,218,6,5,1,,0
issa-kabore,Issa Kaboré,DF,mohamed-ouedraogo,Mohamed Ouédraogo,DF,DF-DF,3,213,7,2,5,,0
abdoul-guiebre,Abdoul Guiebre,DF,stephane-aziz-ki,Stephane Aziz Ki,MF,DF-MF,6,210,2,1,1,,0
mohamed-ouedraogo,Mohamed Ouédraogo,DF,nasser-djiga,Nasser Djiga,DF,DF-DF,3,209,4,3,1,,0
abdoul-tapsoba,Abdoul Tapsoba,FW,ismahila-ouedraogo,Ismahila Ouédraogo,MF,MF-FW,5,208,5,4,1,,0
issoufou-dayo,Issoufou Dayo,DF,pierre-landry-kabore,Pierre Landry Kaboré,FW,DF-FW,5,208,4,2,2,,0
blati-toure,Blati Touré,MF,georgi-minoungou,Georgi Minoungou,FW,MF-FW,6,208,5,3,2,,0
ismahila-ouedraogo,Ismahila Ouédraogo,MF,mohamed-zougrana,Mohamed Zougrana,MF,MF-MF,3,207,3,1,2,,0
mohamed-ouedraogo,Mohamed Ouédraogo,DF,stephane-aziz-ki,Stephane Aziz Ki,MF,DF-MF,3,205,6,2,4,,0
cyriaque-irie,Cyriaque Irié,FW,issa-kabore,Issa Kaboré,DF,DF-FW,3,205,4,1,3,,0
arsene-kouassi,Arsène Kouassi,DF,gustavo-sangare,Gustavo Sangaré,MF,DF-MF,3,205,0,3,-3,,0
mohamed-konate,Mohamed Konaté,FW,stephane-aziz-ki,Stephane Aziz Ki,MF,MF-FW,5,201,0,0,0,,0
mohamed-ouedraogo,Mohamed Ouédraogo,DF,saidou-simpore,Saïdou Simporé,DF,DF-DF,5,200,4,2,2,,0
gustavo-sangare,Gustavo Sangaré,MF,kilian-nikiema,Kilian Nikiema,GK,GK-MF,4,199,2,6,-4,,0
herve-koffi,Hervé Koffi,GK,pierre-landry-kabore,Pierre Landry Kaboré,FW,GK-FW,5,199,3,3,0,,0
herve-koffi,Hervé Koffi,GK,sacha-banse,Sacha Bansé,MF,GK-MF,4,197,3,2,1,,0
blati-toure,Blati Touré,MF,djibril-ouattara,Djibril Ouattara,FW,MF-FW,4,196,6,4,2,,0
kilian-nikiema,Kilian Nikiema,GK,mohamed-konate,Mohamed Konaté,FW,GK-FW,4,194,1,3,-2,,0
herve-koffi,Hervé Koffi,GK,mohamed-ouedraogo,Mohamed Ouédraogo,DF,GK-DF,2,194,6,2,4,,0
cedric-badolo,Cedric Badolo,MF,ismahila-ouedraogo,Ismahila Ouédraogo,MF,MF-MF,5,192,5,3,2,,0
hassane-bande,Hassane Bandé,FW,kilian-nikiema,Kilian Nikiema,GK,GK-FW,3,192,3,1,2,,0
abdoul-guiebre,Abdoul Guiebre,DF,adama-guira,Adama Guira,MF,DF-MF,2,192,1,0,1,,0
abdoul-guiebre,Abdoul Guiebre,DF,adamo-nagalo,Adamo Nagalo,DF,DF-DF,2,192,1,1,0,,0
abdoul-guiebre,Abdoul Guiebre,DF,mohamed-konate,Mohamed Konaté,FW,DF-FW,2,192,1,1,0,,0
arsene-kouassi,Arsène Kouassi,DF,pierre-landry-kabore,Pierre Landry Kaboré,FW,DF-FW,5,192,1,3,-2,,0
abdoul-tapsoba,Abdoul Tapsoba,FW,mohamed-konate,Mohamed Konaté,FW,FW-FW,4,191,1,3,-2,,0
lassina-traore,Lassina Traoré,FW,ousseni-bouda,Ousseni Bouda,FW,FW-FW,5,191,1,5,-4,,0
dango-ouattara,Dango Ouattara,FW,pierre-landry-kabore,Pierre Landry Kaboré,FW,FW-FW,5,191,2,2,0,,0
adama-guira,Adama Guira,MF,stephane-aziz-ki,Stephane Aziz Ki,MF,MF-MF,3,189,1,2,-1,,0
abdoul-bandaogo,Abdoul Bandaogo,MF,abdoul-guiebre,Abdoul Guiebre,DF,DF-MF,2,188,5,1,4,,0
abdoul-bandaogo,Abdoul Bandaogo,MF,dango-ouattara,Dango Ouattara,FW,MF-FW,2,188,5,1,4,,0
abdoul-bandaogo,Abdoul Bandaogo,MF,edmond-tapsoba,Edmond Tapsoba,DF,DF-MF,2,188,5,1,4,,0
abdoul-bandaogo,Abdoul Bandaogo,MF,issoufou-dayo,Issoufou Dayo,DF,DF-MF,2,188,5,1,4,,0
bertrand-traore,Bertrand Traoré,FW,pierre-landry-kabore,Pierre Landry Kaboré,FW,FW-FW,4,188,3,3,0,,0
kilian-nikiema,Kilian Nikiema,GK,stephane-aziz-ki,Stephane Aziz Ki,MF,GK-MF,4,187,4,3,1,,0
abdoul-guiebre,Abdoul Guiebre,DF,cyrille-bayala,Cyrille Bayala,FW,DF-FW,3,185,1,0,1,,0
bertrand-traore,Bertrand Traoré,FW,mohamed-ouedraogo,Mohamed Ouédraogo,DF,DF-FW,3,185,7,2,5,,0
kilian-nikiema,Kilian Nikiema,GK,sacha-banse,Sacha Bansé,MF,GK-MF,2,184,3,4,-1,,0
arsene-kouassi,Arsène Kouassi,DF,lassina-traore,Lassina Traoré,FW,DF-FW,4,184,3,3,0,,0
abdoul-bandaogo,Abdoul Bandaogo,MF,blati-toure,Blati Touré,MF,MF-MF,2,183,5,1,4,,0
kilian-nikiema,Kilian Nikiema,GK,lassina-traore,Lassina Traoré,FW,GK-FW,3,183,3,3,0,,0
issoufou-dayo,Issoufou Dayo,DF,ousseni-bouda,Ousseni Bouda,FW,DF-FW,5,182,3,4,-1,,0
abdoul-guiebre,Abdoul Guiebre,DF,hassane-bande,Hassane Bandé,FW,DF-FW,4,181,2,0,2,,0
adama-guira,Adama Guira,MF,mamady-bangre,Mamady Bangré,FW,MF-FW,4,180,1,2,-1,,0
issoufou-dayo,Issoufou Dayo,DF,mamady-bangre,Mamady Bangré,FW,DF-FW,4,180,1,2,-1,,0
mohamed-konate,Mohamed Konaté,FW,mohamed-ouedraogo,Mohamed Ouédraogo,DF,DF-FW,7,178,0,4,-4,,0
ismahila-ouedraogo,Ismahila Ouédraogo,MF,pierre-landry-kabore,Pierre Landry Kaboré,FW,MF-FW,3,178,3,2,1,,0
pierre-landry-kabore,Pierre Landry Kaboré,FW,steeve-yago,Steeve Yago,DF,DF-FW,3,178,3,2,1,,0
adamo-nagalo,Adamo Nagalo,DF,mohamed-zougrana,Mohamed Zougrana,MF,DF-MF,3,177,6,2,4,,0
dango-ouattara,Dango Ouattara,FW,soumaila-ouattara,Soumaïla Ouattara,DF,DF-FW,2,176,2,0,2,,0
abdoul-bandaogo,Abdoul Bandaogo,MF,issa-kabore,Issa Kaboré,DF,DF-MF,2,176,4,1,3,,0
blati-toure,Blati Touré,MF,mohamed-ouedraogo,Mohamed Ouédraogo,DF,DF-MF,5,175,5,4,1,,0
abdoul-tapsoba,Abdoul Tapsoba,FW,cyrille-bayala,Cyrille Bayala,FW,FW-FW,3,174,2,2,0,,0
bertrand-traore,Bertrand Traoré,FW,soumaila-ouattara,Soumaïla Ouattara,DF,DF-FW,2,174,4,3,1,,0
issa-kabore,Issa Kaboré,DF,kilian-nikiema,Kilian Nikiema,GK,GK-DF,2,174,3,1,2,,0
ousseni-bouda,Ousseni Bouda,FW,sacha-banse,Sacha Bansé,MF,MF-FW,5,174,1,4,-3,,0
djibril-ouattara,Djibril Ouattara,FW,soumaila-ouattara,Soumaïla Ouattara,DF,DF-FW,2,173,4,3,1,,0
ousseni-bouda,Ousseni Bouda,FW,steeve-yago,Steeve Yago,DF,DF-FW,6,171,2,4,-2,,0
abdoul-ayinde,Abdoul Ayinde,DF,dango-ouattara,Dango Ouattara,FW,DF-FW,2,169,7,0,7,,0
abdoul-ayinde,Abdoul Ayinde,DF,issa-kabore,Issa Kaboré,DF,DF-DF,2,169,7,0,7,,0
abdoul-ayinde,Abdoul Ayinde,DF,issoufou-dayo,Issoufou Dayo,DF,DF-DF,2,169,7,0,7,,0
bertrand-traore,Bertrand Traoré,FW,josue-tiendrebeogo,Josué Tiendrébéogo,MF,MF-FW,5,168,8,1,7,,0
josue-tiendrebeogo,Josué Tiendrébéogo,MF,mohamed-konate,Mohamed Konaté,FW,MF-FW,4,167,5,1,4,,0
abdoul-bandaogo,Abdoul Bandaogo,MF,gustavo-sangare,Gustavo Sangaré,MF,MF-MF,2,164,3,1,2,,0
josue-tiendrebeogo,Josué Tiendrébéogo,MF,mohamed-zougrana,Mohamed Zougrana,MF,MF-MF,3,162,7,1,6,,0
abdoul-kader-ouattara,Abdoul Kader Ouattara,FW,edmond-tapsoba,Edmond Tapsoba,DF,DF-FW,3,160,5,0,5,,0
abdoul-kader-ouattara,Abdoul Kader Ouattara,FW,issa-kabore,Issa Kaboré,DF,DF-FW,3,160,5,0,5,,0
abdoul-kader-ouattara,Abdoul Kader Ouattara,FW,saidou-simpore,Saïdou Simporé,DF,DF-FW,3,160,5,0,5,,0
blati-toure,Blati Touré,MF,mohamed-zougrana,Mohamed Zougrana,MF,MF-MF,3,160,2,0,2,,0
josue-tiendrebeogo,Josué Tiendrébéogo,MF,nasser-djiga,Nasser Djiga,DF,DF-MF,2,157,2,4,-2,,0
arsene-kouassi,Arsène Kouassi,DF,mohamed-konate,Mohamed Konaté,FW,DF-FW,2,157,0,3,-3,,0
issa-kabore,Issa Kaboré,DF,ousseni-bouda,Ousseni Bouda,FW,DF-FW,6,153,3,3,0,,0
sacha-banse,Sacha Bansé,MF,stephane-aziz-ki,Stephane Aziz Ki,MF,MF-MF,3,153,6,2,4,,0
mohamed-konate,Mohamed Konaté,FW,mohamed-zougrana,Mohamed Zougrana,MF,MF-FW,3,150,1,1,0,,0
abdoul-ayinde,Abdoul Ayinde,DF,edmond-tapsoba,Edmond Tapsoba,DF,DF-DF,2,149,6,0,6,,0
abdoul-ayinde,Abdoul Ayinde,DF,mohamed-konate,Mohamed Konaté,FW,DF-FW,2,149,6,0,6,,0
issa-kabore,Issa Kaboré,DF,zakaria-sanogo,Zakaria Sanogo,FW,DF-FW,5,148,1,4,-3,,0
steeve-yago,Steeve Yago,DF,zakaria-sanogo,Zakaria Sanogo,FW,DF-FW,5,148,1,4,-3,,0
dramane-salou,Dramane Salou,MF,issa-kabore,Issa Kaboré,DF,DF-MF,5,148,1,2,-1,,0
blati-toure,Blati Touré,MF,sacha-banse,Sacha Bansé,MF,MF-MF,4,148,4,3,1,,0
kilian-nikiema,Kilian Nikiema,GK,saidou-simpore,Saïdou Simporé,DF,GK-DF,5,148,2,2,0,,0
herve-koffi,Hervé Koffi,GK,mamady-bangre,Mamady Bangré,FW,GK-FW,3,147,1,0,1,,0
issa-kabore,Issa Kaboré,DF,mamady-bangre,Mamady Bangré,FW,DF-FW,3,147,1,0,1,,0
bertrand-traore,Bertrand Traoré,FW,kilian-nikiema,Kilian Nikiema,GK,GK-FW,2,147,2,1,1,,0
abdoul-kader-ouattara,Abdoul Kader Ouattara,FW,cedric-badolo,Cedric Badolo,MF,MF-FW,2,147,4,0,4,,0
abdoul-kader-ouattara,Abdoul Kader Ouattara,FW,hassane-bande,Hassane Bandé,FW,FW-FW,2,147,4,0,4,,0
cyriaque-irie,Cyriaque Irié,FW,steeve-yago,Steeve Yago,DF,DF-FW,2,147,0,2,-2,,0
abdoul-bandaogo,Abdoul Bandaogo,MF,cyrille-bayala,Cyrille Bayala,FW,MF-FW,2,146,1,0,1,,0
adama-guira,Adama Guira,MF,farid-ouedraogo,Farid Ouédraogo,GK,GK-MF,2,145,1,3,-2,,0
mohamed-konate,Mohamed Konaté,FW,sacha-banse,Sacha Bansé,MF,MF-FW,4,145,0,2,-2,,0
bertrand-traore,Bertrand Traoré,FW,djibril-ouattara,Djibril Ouattara,FW,FW-FW,4,144,5,4,1,,0
cedric-badolo,Cedric Badolo,MF,ousseni-bouda,Ousseni Bouda,FW,MF-FW,3,144,3,3,0,,0
gustavo-sangare,Gustavo Sangaré,MF,pierre-landry-kabore,Pierre Landry Kaboré,FW,MF-FW,2,144,0,1,-1,,0
blati-toure,Blati Touré,MF,zakaria-sanogo,Zakaria Sanogo,FW,MF-FW,5,142,1,4,-3,,0
hassane-bande,Hassane Bandé,FW,ousmane-camara,Ousmane Camara,FW,FW-FW,5,142,1,2,-1,,0
lassina-traore,Lassina Traoré,FW,ousmane-camara,Ousmane Camara,FW,FW-FW,4,142,2,3,-1,,0
lassina-traore,Lassina Traoré,FW,mohamed-zougrana,Mohamed Zougrana,MF,MF-FW,2,142,5,1,4,,0
djibril-ouattara,Djibril Ouattara,FW,ismahila-ouedraogo,Ismahila Ouédraogo,MF,MF-FW,2,141,3,3,0,,0
cedric-badolo,Cedric Badolo,MF,mamady-bangre,Mamady Bangré,FW,MF-FW,3,140,0,2,-2,,0
nasser-djiga,Nasser Djiga,DF,ousmane-camara,Ousmane Camara,FW,DF-FW,3,140,2,2,0,,0
abdoul-tapsoba,Abdoul Tapsoba,FW,dango-ouattara,Dango Ouattara,FW,FW-FW,4,139,2,2,0,,0
edmond-tapsoba,Edmond Tapsoba,DF,ousmane-camara,Ousmane Camara,FW,DF-FW,4,139,2,2,0,,0
issa-kabore,Issa Kaboré,DF,ousmane-camara,Ousmane Camara,FW,DF-FW,4,139,2,2,0,,0
arsene-kouassi,Arsène Kouassi,DF,kilian-nikiema,Kilian Nikiema,GK,GK-DF,2,139,1,3,-2,,0
djibril-ouattara,Djibril Ouattara,FW,herve-koffi,Hervé Koffi,GK,GK-FW,3,138,2,1,1,,0
nasser-djiga,Nasser Djiga,DF,trova-boni,Trova Boni,DF,DF-DF,3,138,0,3,-3,,0
cyriaque-irie,Cyriaque Irié,FW,lassina-traore,Lassina Traoré,FW,FW-FW,4,138,3,2,1,,0
hassane-bande,Hassane Bandé,FW,ismahila-ouedraogo,Ismahila Ouédraogo,MF,MF-FW,6,137,1,0,1,,0
adama-guira,Adama Guira,MF,zakaria-sanogo,Zakaria Sanogo,FW,MF-FW,5,136,0,3,-3,,0
adamo-nagalo,Adamo Nagalo,DF,stephane-aziz-ki,Stephane Aziz Ki,MF,DF-MF,5,136,2,1,1,,0
dramane-salou,Dramane Salou,MF,herve-koffi,Hervé Koffi,GK,GK-MF,4,136,0,2,-2,,0
ousseni-bouda,Ousseni Bouda,FW,saidou-simpore,Saïdou Simporé,DF,DF-FW,6,136,1,3,-2,,0
abdoul-tapsoba,Abdoul Tapsoba,FW,djibril-ouattara,Djibril Ouattara,FW,FW-FW,4,135,5,4,1,,0
adamo-nagalo,Adamo Nagalo,DF,mohamed-ouedraogo,Mohamed Ouédraogo,DF,DF-DF,2,135,2,4,-2,,0
ismahila-ouedraogo,Ismahila Ouédraogo,MF,soumaila-ouattara,Soumaïla Ouattara,DF,DF-MF,2,134,3,3,0,,0
abdoul-guiebre,Abdoul Guiebre,DF,steeve-yago,Steeve Yago,DF,DF-DF,3,133,3,0,3,,0
dango-ouattara,Dango Ouattara,FW,farid-ouedraogo,Farid Ouédraogo,GK,GK-FW,3,132,5,1,4,,0
cyriaque-irie,Cyriaque Irié,FW,mohamed-konate,Mohamed Konaté,FW,FW-FW,2,132,4,1,3,,0
mohamed-konate,Mohamed Konaté,FW,nasser-djiga,Nasser Djiga,DF,DF-FW,5,131,0,3,-3,,0
ousmane-camara,Ousmane Camara,FW,sacha-banse,Sacha Bansé,MF,MF-FW,3,131,1,2,-1,,0
ousmane-camara,Ousmane Camara,FW,steeve-yago,Steeve Yago,DF,DF-FW,3,131,1,2,-1,,0
hassane-bande,Hassane Bandé,FW,stephane-aziz-ki,Stephane Aziz Ki,MF,MF-FW,4,129,2,1,1,,0
farid-ouedraogo,Farid Ouédraogo,GK,ismahila-ouedraogo,Ismahila Ouédraogo,MF,GK-MF,2,128,3,3,0,,0
abdoul-bandaogo,Abdoul Bandaogo,MF,hassane-bande,Hassane Bandé,FW,MF-FW,2,128,2,0,2,,0
bertrand-traore,Bertrand Traoré,FW,georgi-minoungou,Georgi Minoungou,FW,FW-FW,5,128,3,2,1,,0
dango-ouattara,Dango Ouattara,FW,djibril-ouattara,Djibril Ouattara,FW,FW-FW,2,127,1,1,0,,0
adamo-nagalo,Adamo Nagalo,DF,cyriaque-irie,Cyriaque Irié,FW,DF-FW,2,126,0,3,-3,,0
georgi-minoungou,Georgi Minoungou,FW,lassina-traore,Lassina Traoré,FW,FW-FW,3,126,3,1,2,,0
nasser-djiga,Nasser Djiga,DF,ousseni-bouda,Ousseni Bouda,FW,DF-FW,4,125,1,5,-4,,0
edmond-tapsoba,Edmond Tapsoba,DF,zakaria-sanogo,Zakaria Sanogo,FW,DF-FW,4,124,1,4,-3,,0
abdoul-tapsoba,Abdoul Tapsoba,FW,soumaila-ouattara,Soumaïla Ouattara,DF,DF-FW,2,124,3,3,0,,0
kilian-nikiema,Kilian Nikiema,GK,ousseni-bouda,Ousseni Bouda,FW,GK-FW,4,124,3,4,-1,,0
steeve-yago,Steeve Yago,DF,trova-boni,Trova Boni,DF,DF-DF,3,124,0,2,-2,,0
cyriaque-irie,Cyriaque Irié,FW,josue-tiendrebeogo,Josué Tiendrébéogo,MF,MF-FW,3,124,4,1,3,,0
dramane-salou,Dramane Salou,MF,issoufou-dayo,Issoufou Dayo,DF,DF-MF,3,123,1,1,0,,0
mamady-bangre,Mamady Bangré,FW,mohamed-konate,Mohamed Konaté,FW,FW-FW,2,123,0,0,0,,0
arsene-kouassi,Arsène Kouassi,DF,cedric-badolo,Cedric Badolo,MF,DF-MF,2,123,2,1,1,,0
georgi-minoungou,Georgi Minoungou,FW,steeve-yago,Steeve Yago,DF,DF-FW,5,123,3,2,1,,0
dango-ouattara,Dango Ouattara,FW,ousseni-bouda,Ousseni Bouda,FW,FW-FW,4,122,3,5,-2,,0
adamo-nagalo,Adamo Nagalo,DF,sacha-banse,Sacha Bansé,MF,DF-MF,2,122,2,2,0,,0
blati-toure,Blati Touré,MF,josue-tiendrebeogo,Josué Tiendrébéogo,MF,MF-MF,5,122,6,1,5,,0
abdoul-ayinde,Abdoul Ayinde,DF,blati-toure,Blati Touré,MF,DF-MF,2,122,5,0,5,,0
abdoul-tapsoba,Abdoul Tapsoba,FW,adamo-nagalo,Adamo Nagalo,DF,DF-FW,3,120,2,1,1,,0
hassane-bande,Hassane Bandé,FW,trova-boni,Trova Boni,DF,DF-FW,2,120,0,2,-2,,0
sacha-banse,Sacha Bansé,MF,trova-boni,Trova Boni,DF,DF-MF,2,120,0,2,-2,,0
arsene-kouassi,Arsène Kouassi,DF,issa-kabore,Issa Kaboré,DF,DF-DF,2,117,0,3,-3,,0
gustavo-sangare,Gustavo Sangaré,MF,lassina-traore,Lassina Traoré,FW,MF-FW,3,116,0,2,-2,,0
blati-toure,Blati Touré,MF,pierre-landry-kabore,Pierre Landry Kaboré,FW,MF-FW,4,116,2,1,1,,0
georgi-minoungou,Georgi Minoungou,FW,ismahila-ouedraogo,Ismahila Ouédraogo,MF,MF-FW,4,116,3,1,2,,0
farid-ouedraogo,Farid Ouédraogo,GK,mohamed-ouedraogo,Mohamed Ouédraogo,DF,GK-DF,2,115,4,1,3,,0
gustavo-sangare,Gustavo Sangaré,MF,mamady-bangre,Mamady Bangré,FW,MF-FW,3,114,1,1,0,,0
farid-ouedraogo,Farid Ouédraogo,GK,ousseni-bouda,Ousseni Bouda,FW,GK-FW,2,114,0,2,-2,,0
hassane-bande,Hassane Bandé,FW,ousseni-bouda,Ousseni Bouda,FW,FW-FW,2,114,0,2,-2,,0
cyriaque-irie,Cyriaque Irié,FW,georgi-minoungou,Georgi Minoungou,FW,FW-FW,4,114,3,0,3,,0
cyrille-bayala,Cyrille Bayala,FW,kilian-nikiema,Kilian Nikiema,GK,GK-FW,2,113,0,2,-2,,0
georgi-minoungou,Georgi Minoungou,FW,josue-tiendrebeogo,Josué Tiendrébéogo,MF,MF-FW,4,113,5,1,4,,0
hassane-bande,Hassane Bandé,FW,soumaila-ouattara,Soumaïla Ouattara,DF,DF-FW,2,112,1,0,1,,0
adamo-nagalo,Adamo Nagalo,DF,dramane-salou,Dramane Salou,MF,DF-MF,2,111,0,1,-1,,0
dramane-salou,Dramane Salou,MF,mohamed-konate,Mohamed Konaté,FW,MF-FW,2,111,0,1,-1,,0
ousmane-camara,Ousmane Camara,FW,saidou-simpore,Saïdou Simporé,DF,DF-FW,4,111,2,2,0,,0
djibril-ouattara,Djibril Ouattara,FW,farid-ouedraogo,Farid Ouédraogo,GK,GK-FW,2,110,4,4,0,,0
issoufou-dayo,Issoufou Dayo,DF,nasser-djiga,Nasser Djiga,DF,DF-DF,2,110,0,4,-4,,0
adamo-nagalo,Adamo Nagalo,DF,nasser-djiga,Nasser Djiga,DF,DF-DF,2,110,2,2,0,,0
georgi-minoungou,Georgi Minoungou,FW,kilian-nikiema,Kilian Nikiema,GK,GK-FW,3,108,1,2,-1,,0
blati-toure,Blati Touré,MF,mamady-bangre,Mamady Bangré,FW,MF-FW,3,107,1,2,-1,,0
edmond-tapsoba,Edmond Tapsoba,DF,mamady-bangre,Mamady Bangré,FW,DF-FW,3,107,1,2,-1,,0
arsene-kouassi,Arsène Kouassi,DF,stephane-aziz-ki,Stephane Aziz Ki,MF,DF-MF,2,107,3,1,2,,0
saidou-simpore,Saïdou Simporé,DF,stephane-aziz-ki,Stephane Aziz Ki,MF,DF-MF,2,107,3,1,2,,0
farid-ouedraogo,Farid Ouédraogo,GK,josue-tiendrebeogo,Josué Tiendrébéogo,MF,GK-MF,2,106,0,4,-4,,0
josue-tiendrebeogo,Josué Tiendrébéogo,MF,sacha-banse,Sacha Bansé,MF,MF-MF,2,106,0,4,-4,,0
ismahila-ouedraogo,Ismahila Ouédraogo,MF,mohamed-ouedraogo,Mohamed Ouédraogo,DF,DF-MF,2,105,3,1,2,,0
ismahila-ouedraogo,Ismahila Ouédraogo,MF,saidou-simpore,Saïdou Simporé,DF,DF-MF,3,104,0,2,-2,,0
adamo-nagalo,Adamo Nagalo,DF,georgi-minoungou,Georgi Minoungou,FW,DF-FW,3,104,2,2,0,,0
georgi-minoungou,Georgi Minoungou,FW,pierre-landry-kabore,Pierre Landry Kaboré,FW,FW-FW,5,104,5,1,4,,0
bertrand-traore,Bertrand Traoré,FW,cyriaque-irie,Cyriaque Irié,FW,FW-FW,3,103,0,0,0,,0
georgi-minoungou,Georgi Minoungou,FW,issa-kabore,Issa Kaboré,DF,DF-FW,4,103,2,1,1,,0
abdoul-tapsoba,Abdoul Tapsoba,FW,farid-ouedraogo,Farid Ouédraogo,GK,GK-FW,2,102,4,3,1,,0
abdoul-tapsoba,Abdoul Tapsoba,FW,stephane-aziz-ki,Stephane Aziz Ki,MF,MF-FW,3,102,1,1,0,,0
edmond-tapsoba,Edmond Tapsoba,DF,trova-boni,Trova Boni,DF,DF-DF,4,100,0,2,-2,,0
herve-koffi,Hervé Koffi,GK,trova-boni,Trova Boni,DF,GK-DF,4,100,0,2,-2,,0
issa-kabore,Issa Kaboré,DF,trova-boni,Trova Boni,DF,DF-DF,4,100,0,2,-2,,0
georgi-minoungou,Georgi Minoungou,FW,stephane-aziz-ki,Stephane Aziz Ki,MF,MF-FW,3,99,3,1,2,,0
cedric-badolo,Cedric Badolo,MF,georgi-minoungou,Georgi Minoungou,FW,MF-FW,1,99,2,0,2,,0
adama-guira,Adama Guira,MF,patrick-malo,Patrick Malo,DF,DF-MF,1,98,1,2,-1,,0
blati-toure,Blati Touré,MF,patrick-malo,Patrick Malo,DF,DF-MF,1,98,1,2,-1,,0
gustavo-sangare,Gustavo Sangaré,MF,patrick-malo,Patrick Malo,DF,DF-MF,1,98,1,2,-1,,0
herve-koffi,Hervé Koffi,GK,patrick-malo,Patrick Malo,DF,GK-DF,1,98,1,2,-1,,0
herve-koffi,Hervé Koffi,GK,zakaria-sanogo,Zakaria Sanogo,FW,GK-FW,3,98,0,1,-1,,0
issa-kabore,Issa Kaboré,DF,patrick-malo,Patrick Malo,DF,DF-DF,1,98,1,2,-1,,0
issoufou-dayo,Issoufou Dayo,DF,patrick-malo,Patrick Malo,DF,DF-DF,1,98,1,2,-1,,0
issoufou-dayo,Issoufou Dayo,DF,zakaria-sanogo,Zakaria Sanogo,FW,DF-FW,4,98,1,3,-2,,0
patrick-malo,Patrick Malo,DF,steeve-yago,Steeve Yago,DF,DF-DF,1,98,1,2,-1,,0
farid-ouedraogo,Farid Ouédraogo,GK,soumaila-ouattara,Soumaïla Ouattara,DF,GK-DF,1,98,3,3,0,,0
adama-guira,Adama Guira,MF,kilian-nikiema,Kilian Nikiema,GK,GK-MF,1,98,1,3,-2,,0
cyrille-bayala,Cyrille Bayala,FW,soumaila-ouattara,Soumaïla Ouattara,DF,DF-FW,1,97,1,0,1,,0
abdoul-guiebre,Abdoul Guiebre,DF,mamady-bangre,Mamady Bangré,FW,DF-FW,2,97,1,0,1,,0
abdoul-guiebre,Abdoul Guiebre,DF,dramane-salou,Dramane Salou,MF,DF-MF,1,96,0,0,0,,0
adama-guira,Adama Guira,MF,dramane-salou,Dramane Salou,MF,MF-MF,1,96,0,0,0,,0
adamo-nagalo,Adamo Nagalo,DF,arthur-zagre,Arthur Zagré,DF,DF-DF,1,96,0,3,-3,,0
arthur-zagre,Arthur Zagré,DF,edmond-tapsoba,Edmond Tapsoba,DF,DF-DF,1,96,0,3,-3,,0
arthur-zagre,Arthur Zagré,DF,kilian-nikiema,Kilian Nikiema,GK,GK-DF,1,96,0,3,-3,,0
farid-ouedraogo,Farid Ouédraogo,GK,nasser-djiga,Nasser Djiga,DF,GK-DF,1,95,0,3,-3,,0
abdoul-ayinde,Abdoul Ayinde,DF,josue-tiendrebeogo,Josué Tiendrébéogo,MF,DF-MF,1,95,6,0,6,,0
abdoul-ayinde,Abdoul Ayinde,DF,saidou-simpore,Saïdou Simporé,DF,DF-DF,1,95,6,0,6,,0
cyrille-bayala,Cyrille Bayala,FW,farid-ouedraogo,Farid Ouédraogo,GK,GK-FW,2,94,1,1,0,,0
mohamed-konate,Mohamed Konaté,FW,soumaila-ouattara,Soumaïla Ouattara,DF,DF-FW,3,94,0,1,-1,,0
abdoul-bandaogo,Abdoul Bandaogo,MF,herve-koffi,Hervé Koffi,GK,GK-MF,1,94,2,0,2,,0
abdoul-bandaogo,Abdoul Bandaogo,MF,kilian-nikiema,Kilian Nikiema,GK,GK-MF,1,94,3,1,2,,0
abdoul-guiebre,Abdoul Guiebre,DF,kilian-nikiema,Kilian Nikiema,GK,GK-DF,1,94,3,1,2,,0
blati-toure,Blati Touré,MF,nasser-djiga,Nasser Djiga,DF,DF-MF,3,94,1,3,-2,,0
gustavo-sangare,Gustavo Sangaré,MF,stephane-aziz-ki,Stephane Aziz Ki,MF,MF-MF,1,94,0,1,-1,,0
adamo-nagalo,Adamo Nagalo,DF,raouf-memel-dao,Raouf Memel Dao,MF,DF-MF,1,94,0,2,-2,,0
arsene-kouassi,Arsène Kouassi,DF,raouf-memel-dao,Raouf Memel Dao,MF,DF-MF,1,94,0,2,-2,,0
edmond-tapsoba,Edmond Tapsoba,DF,raouf-memel-dao,Raouf Memel Dao,MF,DF-MF,1,94,0,2,-2,,0
herve-koffi,Hervé Koffi,GK,raouf-memel-dao,Raouf Memel Dao,MF,GK-MF,1,94,0,2,-2,,0
issa-kabore,Issa Kaboré,DF,raouf-memel-dao,Raouf Memel Dao,MF,DF-MF,1,94,0,2,-2,,0
raouf-memel-dao,Raouf Memel Dao,MF,saidou-simpore,Saïdou Simporé,DF,DF-MF,1,94,0,2,-2,,0
abdoul-kader-ouattara,Abdoul Kader Ouattara,FW,herve-koffi,Hervé Koffi,GK,GK-FW,2,93,4,0,4,,0
abdoul-kader-ouattara,Abdoul Kader Ouattara,FW,lassina-traore,Lassina Traoré,FW,FW-FW,2,93,4,0,4,,0
abdoul-kader-ouattara,Abdoul Kader Ouattara,FW,nasser-djiga,Nasser Djiga,DF,DF-FW,2,93,4,0,4,,0
herve-koffi,Hervé Koffi,GK,ousmane-camara,Ousmane Camara,FW,GK-FW,2,93,2,1,1,,0
ousmane-camara,Ousmane Camara,FW,trova-boni,Trova Boni,DF,DF-FW,3,93,0,2,-2,,0
farid-ouedraogo,Farid Ouédraogo,GK,ousmane-camara,Ousmane Camara,FW,GK-FW,3,93,0,2,-2,,0
issoufou-dayo,Issoufou Dayo,DF,ousmane-camara,Ousmane Camara,FW,DF-FW,3,93,0,2,-2,,0
kilian-nikiema,Kilian Nikiema,GK,mohamed-zougrana,Mohamed Zougrana,MF,GK-MF,2,93,2,0,2,,0
blati-toure,Blati Touré,MF,ousseni-bouda,Ousseni Bouda,FW,MF-FW,4,92,3,4,-1,,0
abdoul-tapsoba,Abdoul Tapsoba,FW,cedric-badolo,Cedric Badolo,MF,MF-FW,3,92,1,1,0,,0
steeve-yago,Steeve Yago,DF,valentin-nouma,Valentin Nouma,DF,DF-DF,2,92,2,3,-1,,0
kilian-nikiema,Kilian Nikiema,GK,nasser-djiga,Nasser Djiga,DF,GK-DF,1,92,1,2,-1,,0
mohamed-zougrana,Mohamed Zougrana,MF,pierre-landry-kabore,Pierre Landry Kaboré,FW,MF-FW,3,92,3,1,2,,0
issoufou-dayo,Issoufou Dayo,DF,valentin-nouma,Valentin Nouma,DF,DF-DF,2,91,0,4,-4,,0
georgi-minoungou,Georgi Minoungou,FW,mohamed-konate,Mohamed Konaté,FW,FW-FW,4,91,1,2,-1,,0
arsene-kouassi,Arsène Kouassi,DF,arthur-zagre,Arthur Zagré,DF,DF-DF,1,91,0,3,-3,,0
cyriaque-irie,Cyriaque Irié,FW,ismahila-ouedraogo,Ismahila Ouédraogo,MF,MF-FW,2,90,0,2,-2,,0
bertrand-traore,Bertrand Traoré,FW,patrick-malo,Patrick Malo,DF,DF-FW,1,89,1,2,-1,,0
abdoul-tapsoba,Abdoul Tapsoba,FW,hassane-bande,Hassane Bandé,FW,FW-FW,3,89,2,1,1,,0
gustavo-sangare,Gustavo Sangaré,MF,mohamed-ouedraogo,Mohamed Ouédraogo,DF,DF-MF,2,89,0,4,-4,,0
georgi-minoungou,Georgi Minoungou,FW,mohamed-ouedraogo,Mohamed Ouédraogo,DF,DF-FW,3,88,3,3,0,,0
adama-guira,Adama Guira,MF,djibril-ouattara,Djibril Ouattara,FW,MF-FW,2,86,2,0,2,,0
abdoul-ayinde,Abdoul Ayinde,DF,herve-koffi,Hervé Koffi,GK,GK-DF,1,86,5,0,5,,0
mohamed-ouedraogo,Mohamed Ouédraogo,DF,ousseni-bouda,Ousseni Bouda,FW,DF-FW,4,84,0,3,-3,,0
farid-ouedraogo,Farid Ouédraogo,GK,mohamed-konate,Mohamed Konaté,FW,GK-FW,2,84,1,0,1,,0
cyriaque-irie,Cyriaque Irié,FW,raouf-memel-dao,Raouf Memel Dao,MF,MF-FW,1,84,0,1,-1,,0
mohamed-konate,Mohamed Konaté,FW,raouf-memel-dao,Raouf Memel Dao,MF,MF-FW,1,84,0,1,-1,,0
pierre-landry-kabore,Pierre Landry Kaboré,FW,saidou-simpore,Saïdou Simporé,DF,DF-FW,5,83,2,2,0,,0
mohamed-ouedraogo,Mohamed Ouédraogo,DF,mohamed-zougrana,Mohamed Zougrana,MF,DF-MF,1,83,2,0,2,,0
ismahila-ouedraogo,Ismahila Ouédraogo,MF,kilian-nikiema,Kilian Nikiema,GK,GK-MF,1,82,1,0,1,,0
mohamed-konate,Mohamed Konaté,FW,zakaria-sanogo,Zakaria Sanogo,FW,FW-FW,3,81,0,1,-1,,0
mohamed-konate,Mohamed Konaté,FW,trova-boni,Trova Boni,DF,DF-FW,2,81,0,2,-2,,0
georgi-minoungou,Georgi Minoungou,FW,gustavo-sangare,Gustavo Sangaré,MF,MF-FW,2,81,0,2,-2,,0
bertrand-traore,Bertrand Traoré,FW,sacha-banse,Sacha Bansé,MF,MF-FW,2,80,4,1,3,,0
abdoul-kader-ouattara,Abdoul Kader Ouattara,FW,steeve-yago,Steeve Yago,DF,DF-FW,2,80,2,0,2,,0
abdoul-kader-ouattara,Abdoul Kader Ouattara,FW,mohamed-ouedraogo,Mohamed Ouédraogo,DF,DF-FW,1,80,3,0,3,,0
arthur-zagre,Arthur Zagré,DF,dango-ouattara,Dango Ouattara,FW,DF-FW,1,80,0,3,-3,,0
cedric-badolo,Cedric Badolo,MF,ousmane-camara,Ousmane Camara,FW,MF-FW,3,78,1,0,1,,0
cedric-badolo,Cedric Badolo,MF,cyriaque-irie,Cyriaque Irié,FW,MF-FW,2,78,1,0,1,,0
cedric-badolo,Cedric Badolo,MF,trova-boni,Trova Boni,DF,DF-MF,2,77,0,1,-1,,0
josue-tiendrebeogo,Josué Tiendrébéogo,MF,ousmane-camara,Ousmane Camara,FW,MF-FW,2,77,0,2,-2,,0
hassane-bande,Hassane Bandé,FW,mohamed-zougrana,Mohamed Zougrana,MF,MF-FW,2,77,1,2,-1,,0
mohamed-zougrana,Mohamed Zougrana,MF,nasser-djiga,Nasser Djiga,DF,DF-MF,2,77,1,2,-1,,0
ismahila-ouedraogo,Ismahila Ouédraogo,MF,lassina-traore,Lassina Traoré,FW,MF-FW,2,77,0,2,-2,,0
farid-ouedraogo,Farid Ouédraogo,GK,valentin-nouma,Valentin Nouma,DF,GK-DF,1,76,0,3,-3,,0
hassane-bande,Hassane Bandé,FW,valentin-nouma,Valentin Nouma,DF,DF-FW,1,76,0,3,-3,,0
josue-tiendrebeogo,Josué Tiendrébéogo,MF,valentin-nouma,Valentin Nouma,DF,DF-MF,1,76,0,3,-3,,0
lassina-traore,Lassina Traoré,FW,valentin-nouma,Valentin Nouma,DF,DF-FW,1,76,0,3,-3,,0
nasser-djiga,Nasser Djiga,DF,valentin-nouma,Valentin Nouma,DF,DF-DF,1,76,0,3,-3,,0
sacha-banse,Sacha Bansé,MF,valentin-nouma,Valentin Nouma,DF,DF-MF,1,76,0,3,-3,,0
cyrille-bayala,Cyrille Bayala,FW,djibril-ouattara,Djibril Ouattara,FW,FW-FW,1,75,1,0,1,,0
djibril-ouattara,Djibril Ouattara,FW,issoufou-dayo,Issoufou Dayo,DF,DF-FW,3,75,2,2,0,,0
abdoul-tapsoba,Abdoul Tapsoba,FW,patrick-malo,Patrick Malo,DF,DF-FW,1,74,1,2,-1,,0
cyrille-bayala,Cyrille Bayala,FW,patrick-malo,Patrick Malo,DF,DF-FW,1,74,1,2,-1,,0
gustavo-sangare,Gustavo Sangaré,MF,sacha-banse,Sacha Bansé,MF,MF-MF,3,74,0,3,-3,,0
abdoul-ayinde,Abdoul Ayinde,DF,bertrand-traore,Bertrand Traoré,FW,DF-FW,1,74,1,0,1,,0
abdoul-ayinde,Abdoul Ayinde,DF,ismahila-ouedraogo,Ismahila Ouédraogo,MF,DF-MF,1,74,1,0,1,,0
abdoul-ayinde,Abdoul Ayinde,DF,kilian-nikiema,Kilian Nikiema,GK,GK-DF,1,74,1,0,1,,0
bertrand-traore,Bertrand Traoré,FW,zakaria-sanogo,Zakaria Sanogo,FW,FW-FW,4,73,1,3,-2,,0
adamo-nagalo,Adamo Nagalo,DF,mamady-bangre,Mamady Bangré,FW,DF-FW,1,73,0,0,0,,0
dramane-salou,Dramane Salou,MF,gustavo-sangare,Gustavo Sangaré,MF,MF-MF,1,73,0,0,0,,0
dramane-salou,Dramane Salou,MF,mamady-bangre,Mamady Bangré,FW,MF-FW,1,73,0,0,0,,0
adamo-nagalo,Adamo Nagalo,DF,pierre-landry-kabore,Pierre Landry Kaboré,FW,DF-FW,4,73,2,2,0,,0
abdoul-ayinde,Abdoul Ayinde,DF,mohamed-zougrana,Mohamed Zougrana,MF,DF-MF,1,73,1,0,1,,0
cyriaque-irie,Cyriaque Irié,FW,stephane-aziz-ki,Stephane Aziz Ki,MF,MF-FW,2,73,3,0,3,,0
adamo-nagalo,Adamo Nagalo,DF,lohann-doucet,Lohann Doucet,MF,DF-MF,1,73,0,2,-2,,0
arsene-kouassi,Arsène Kouassi,DF,lohann-doucet,Lohann Doucet,MF,DF-MF,1,73,0,2,-2,,0
arthur-zagre,Arthur Zagré,DF,lohann-doucet,Lohann Doucet,MF,DF-MF,1,73,0,2,-2,,0
arthur-zagre,Arthur Zagré,DF,mohamed-konate,Mohamed Konaté,FW,DF-FW,1,73,0,2,-2,,0
dango-ouattara,Dango Ouattara,FW,lohann-doucet,Lohann Doucet,MF,MF-FW,1,73,0,2,-2,,0
edmond-tapsoba,Edmond Tapsoba,DF,lohann-doucet,Lohann Doucet,MF,DF-MF,1,73,0,2,-2,,0
kilian-nikiema,Kilian Nikiema,GK,lohann-doucet,Lohann Doucet,MF,GK-MF,1,73,0,2,-2,,0
lohann-doucet,Lohann Doucet,MF,mohamed-konate,Mohamed Konaté,FW,MF-FW,1,73,0,2,-2,,0
cedric-badolo,Cedric Badolo,MF,dramane-salou,Dramane Salou,MF,MF-MF,2,72,0,1,-1,,0
abdoul-kader-ouattara,Abdoul Kader Ouattara,FW,sacha-banse,Sacha Bansé,MF,MF-FW,2,72,3,0,3,,0
adamo-nagalo,Adamo Nagalo,DF,ousseni-bouda,Ousseni Bouda,FW,DF-FW,3,71,0,1,-1,,0
farid-ouedraogo,Farid Ouédraogo,GK,stephane-aziz-ki,Stephane Aziz Ki,MF,GK-MF,1,71,4,1,3,,0
arsene-kouassi,Arsène Kouassi,DF,mohamed-zougrana,Mohamed Zougrana,MF,DF-MF,2,71,1,1,0,,0
arsene-kouassi,Arsène Kouassi,DF,hassane-bande,Hassane Bandé,FW,DF-FW,1,70,0,1,-1,,0
arsene-kouassi,Arsène Kouassi,DF,josue-tiendrebeogo,Josué Tiendrébéogo,MF,DF-MF,1,70,0,1,-1,,0
cyriaque-irie,Cyriaque Irié,FW,hassane-bande,Hassane Bandé,FW,FW-FW,1,70,0,1,-1,,0
hassane-bande,Hassane Bandé,FW,raouf-memel-dao,Raouf Memel Dao,MF,MF-FW,1,70,0,1,-1,,0
josue-tiendrebeogo,Josué Tiendrébéogo,MF,raouf-memel-dao,Raouf Memel Dao,MF,MF-MF,1,70,0,1,-1,,0
herve-koffi,Hervé Koffi,GK,ousseni-bouda,Ousseni Bouda,FW,GK-FW,4,69,1,2,-1,,0
abdoul-guiebre,Abdoul Guiebre,DF,abdoul-tapsoba,Abdoul Tapsoba,FW,DF-FW,2,68,1,0,1,,0
mamady-bangre,Mamady Bangré,FW,steeve-yago,Steeve Yago,DF,DF-FW,2,68,0,1,-1,,0
abdoul-kader-ouattara,Abdoul Kader Ouattara,FW,blati-toure,Blati Touré,MF,MF-FW,1,67,1,0,1,,0
abdoul-kader-ouattara,Abdoul Kader Ouattara,FW,farid-ouedraogo,Farid Ouédraogo,GK,GK-FW,1,67,1,0,1,,0
abdoul-kader-ouattara,Abdoul Kader Ouattara,FW,issoufou-dayo,Issoufou Dayo,DF,DF-FW,1,67,1,0,1,,0
abdoul-kader-ouattara,Abdoul Kader Ouattara,FW,mohamed-konate,Mohamed Konaté,FW,FW-FW,1,67,1,0,1,,0
cyriaque-irie,Cyriaque Irié,FW,mohamed-zougrana,Mohamed Zougrana,MF,MF-FW,1,67,0,0,0,,0
gustavo-sangare,Gustavo Sangaré,MF,zakaria-sanogo,Zakaria Sanogo,FW,MF-FW,3,66,1,3,-2,,0
abdoul-tapsoba,Abdoul Tapsoba,FW,kilian-nikiema,Kilian Nikiema,GK,GK-FW,2,65,1,1,0,,0
mohamed-konate,Mohamed Konaté,FW,ousmane-camara,Ousmane Camara,FW,FW-FW,3,65,0,1,-1,,0
lassina-traore,Lassina Traoré,FW,trova-boni,Trova Boni,DF,DF-FW,2,65,0,2,-2,,0
gustavo-sangare,Gustavo Sangaré,MF,ousseni-bouda,Ousseni Bouda,FW,MF-FW,2,64,2,3,-1,,0
josue-tiendrebeogo,Josué Tiendrébéogo,MF,pierre-landry-kabore,Pierre Landry Kaboré,FW,MF-FW,3,63,4,1,3,,0
mohamed-zougrana,Mohamed Zougrana,MF,stephane-aziz-ki,Stephane Aziz Ki,MF,MF-MF,1,63,0,0,0,,0
cyrille-bayala,Cyrille Bayala,FW,mohamed-konate,Mohamed Konaté,FW,FW-FW,2,61,0,0,0,,0
mamady-bangre,Mamady Bangré,FW,stephane-aziz-ki,Stephane Aziz Ki,MF,MF-FW,2,61,0,1,-1,,0
adama-guira,Adama Guira,MF,ismahila-ouedraogo,Ismahila Ouédraogo,MF,MF-MF,3,60,0,0,0,,0
cedric-badolo,Cedric Badolo,MF,valentin-nouma,Valentin Nouma,DF,DF-MF,3,60,2,3,-1,,0
abdoul-guiebre,Abdoul Guiebre,DF,lassina-traore,Lassina Traoré,FW,DF-FW,1,58,0,0,0,,0
adama-guira,Adama Guira,MF,lassina-traore,Lassina Traoré,FW,MF-FW,1,58,0,0,0,,0
dango-ouattara,Dango Ouattara,FW,mamady-bangre,Mamady Bangré,FW,FW-FW,2,57,1,2,-1,,0
arsene-kouassi,Arsène Kouassi,DF,ousseni-bouda,Ousseni Bouda,FW,DF-FW,2,57,0,2,-2,,0
mohamed-konate,Mohamed Konaté,FW,ousseni-bouda,Ousseni Bouda,FW,FW-FW,4,56,0,1,-1,,0
mohamed-ouedraogo,Mohamed Ouédraogo,DF,ousmane-camara,Ousmane Camara,FW,DF-FW,2,55,1,1,0,,0
abdoul-guiebre,Abdoul Guiebre,DF,ousseni-bouda,Ousseni Bouda,FW,DF-FW,2,53,3,1,2,,0
kilian-nikiema,Kilian Nikiema,GK,pierre-landry-kabore,Pierre Landry Kaboré,FW,GK-FW,3,53,1,1,0,,0
hassane-bande,Hassane Bandé,FW,zakaria-sanogo,Zakaria Sanogo,FW,FW-FW,3,52,0,2,-2,,0
issoufou-dayo,Issoufou Dayo,DF,trova-boni,Trova Boni,DF,DF-DF,2,52,0,1,-1,,0
josue-tiendrebeogo,Josué Tiendrébéogo,MF,mohamed-ouedraogo,Mohamed Ouédraogo,DF,DF-MF,2,51,3,1,2,,0
gustavo-sangare,Gustavo Sangaré,MF,mohamed-zougrana,Mohamed Zougrana,MF,MF-MF,1,51,0,1,-1,,0
farid-ouedraogo,Farid Ouédraogo,GK,zakaria-sanogo,Zakaria Sanogo,FW,GK-FW,2,50,1,3,-2,,0
abdoul-tapsoba,Abdoul Tapsoba,FW,saidou-simpore,Saïdou Simporé,DF,DF-FW,2,50,0,1,-1,,0
soumaila-ouattara,Soumaïla Ouattara,DF,zakaria-sanogo,Zakaria Sanogo,FW,DF-FW,1,50,0,1,-1,,0
dango-ouattara,Dango Ouattara,FW,trova-boni,Trova Boni,DF,DF-FW,2,50,0,1,-1,,0
cyrille-bayala,Cyrille Bayala,FW,stephane-aziz-ki,Stephane Aziz Ki,MF,MF-FW,2,50,0,1,-1,,0
cedric-badolo,Cedric Badolo,MF,cyrille-bayala,Cyrille Bayala,FW,MF-FW,1,49,0,2,-2,,0
cyrille-bayala,Cyrille Bayala,FW,mamady-bangre,Mamady Bangré,FW,FW-FW,2,49,0,2,-2,,0
arthur-zagre,Arthur Zagré,DF,georgi-minoungou,Georgi Minoungou,FW,DF-FW,1,49,0,2,-2,,0
arthur-zagre,Arthur Zagré,DF,gustavo-sangare,Gustavo Sangaré,MF,DF-MF,1,49,0,2,-2,,0
georgi-minoungou,Georgi Minoungou,FW,lohann-doucet,Lohann Doucet,MF,MF-FW,1,49,0,2,-2,,0
gustavo-sangare,Gustavo Sangaré,MF,lohann-doucet,Lohann Doucet,MF,MF-MF,1,49,0,2,-2,,0
bertrand-traore,Bertrand Traoré,FW,nasser-djiga,Nasser Djiga,DF,DF-FW,2,48,1,1,0,,0
abdoul-ayinde,Abdoul Ayinde,DF,cyriaque-irie,Cyriaque Irié,FW,DF-FW,1,48,4,0,4,,0
ismahila-ouedraogo,Ismahila Ouédraogo,MF,zakaria-sanogo,Zakaria Sanogo,FW,MF-FW,3,47,0,0,0,,0
farid-ouedraogo,Farid Ouédraogo,GK,trova-boni,Trova Boni,DF,GK-DF,1,47,0,1,-1,,0
josue-tiendrebeogo,Josué Tiendrébéogo,MF,trova-boni,Trova Boni,DF,DF-MF,1,47,0,1,-1,,0
ousmane-camara,Ousmane Camara,FW,valentin-nouma,Valentin Nouma,DF,DF-FW,1,47,0,1,-1,,0
trova-boni,Trova Boni,DF,valentin-nouma,Valentin Nouma,DF,DF-DF,1,47,0,1,-1,,0
abdoul-ayinde,Abdoul Ayinde,DF,abdoul-yoda,Abdoul Yoda,MF,DF-MF,1,47,2,0,2,,0
abdoul-ayinde,Abdoul Ayinde,DF,georgi-minoungou,Georgi Minoungou,FW,DF-FW,1,47,2,0,2,,0
abdoul-yoda,Abdoul Yoda,MF,dango-ouattara,Dango Ouattara,FW,MF-FW,1,47,2,0,2,,0
abdoul-yoda,Abdoul Yoda,MF,georgi-minoungou,Georgi Minoungou,FW,MF-FW,1,47,2,0,2,,0
abdoul-yoda,Abdoul Yoda,MF,issa-kabore,Issa Kaboré,DF,DF-MF,1,47,2,0,2,,0
abdoul-yoda,Abdoul Yoda,MF,issoufou-dayo,Issoufou Dayo,DF,DF-MF,1,47,2,0,2,,0
abdoul-yoda,Abdoul Yoda,MF,josue-tiendrebeogo,Josué Tiendrébéogo,MF,MF-MF,1,47,2,0,2,,0
abdoul-yoda,Abdoul Yoda,MF,saidou-simpore,Saïdou Simporé,DF,DF-MF,1,47,2,0,2,,0
adamo-nagalo,Adamo Nagalo,DF,pakwo-gnanou,Pakwo Gnanou,DF,DF-DF,1,47,0,1,-1,,0
arthur-zagre,Arthur Zagré,DF,ousseni-bouda,Ousseni Bouda,FW,DF-FW,1,47,0,1,-1,,0
arthur-zagre,Arthur Zagré,DF,pakwo-gnanou,Pakwo Gnanou,DF,DF-DF,1,47,0,1,-1,,0
edmond-tapsoba,Edmond Tapsoba,DF,pakwo-gnanou,Pakwo Gnanou,DF,DF-DF,1,47,0,1,-1,,0
kilian-nikiema,Kilian Nikiema,GK,pakwo-gnanou,Pakwo Gnanou,DF,GK-DF,1,47,0,1,-1,,0
ousseni-bouda,Ousseni Bouda,FW,pakwo-gnanou,Pakwo Gnanou,DF,DF-FW,1,47,0,1,-1,,0
abdoul-tapsoba,Abdoul Tapsoba,FW,zakaria-sanogo,Zakaria Sanogo,FW,FW-FW,2,46,1,2,-1,,0
gustavo-sangare,Gustavo Sangaré,MF,nasser-djiga,Nasser Djiga,DF,DF-MF,1,46,0,2,-2,,0
djibril-ouattara,Djibril Ouattara,FW,stephane-aziz-ki,Stephane Aziz Ki,MF,MF-FW,2,44,0,0,0,,0
mohamed-ouedraogo,Mohamed Ouédraogo,DF,pierre-landry-kabore,Pierre Landry Kaboré,FW,DF-FW,2,44,3,1,2,,0
arsene-kouassi,Arsène Kouassi,DF,mohamed-ouedraogo,Mohamed Ouédraogo,DF,DF-DF,1,43,0,2,-2,,0
arthur-zagre,Arthur Zagré,DF,mohamed-ouedraogo,Mohamed Ouédraogo,DF,DF-DF,1,43,0,2,-2,,0
lohann-doucet,Lohann Doucet,MF,mohamed-ouedraogo,Mohamed Ouédraogo,DF,DF-MF,1,43,0,2,-2,,0
abdoul-bandaogo,Abdoul Bandaogo,MF,cedric-badolo,Cedric Badolo,MF,MF-MF,2,42,4,1,3,,0
arsene-kouassi,Arsène Kouassi,DF,pakwo-gnanou,Pakwo Gnanou,DF,DF-DF,1,42,0,1,-1,,0
adama-guira,Adama Guira,MF,saidou-simpore,Saïdou Simporé,DF,DF-MF,1,41,0,1,-1,,0
saidou-simpore,Saïdou Simporé,DF,soumaila-ouattara,Soumaïla Ouattara,DF,DF-DF,1,41,0,1,-1,,0
saidou-simpore,Saïdou Simporé,DF,zakaria-sanogo,Zakaria Sanogo,FW,DF-FW,1,41,0,1,-1,,0
ismahila-ouedraogo,Ismahila Ouédraogo,MF,josue-tiendrebeogo,Josué Tiendrébéogo,MF,MF-MF,2,41,3,1,2,,0
georgi-minoungou,Georgi Minoungou,FW,mohamed-zougrana,Mohamed Zougrana,MF,MF-FW,2,41,3,0,3,,0
dramane-salou,Dramane Salou,MF,nasser-djiga,Nasser Djiga,DF,DF-MF,3,40,0,2,-2,,0
issa-kabore,Issa Kaboré,DF,pierre-landry-kabore,Pierre Landry Kaboré,FW,DF-FW,3,40,1,1,0,,0
adamo-nagalo,Adamo Nagalo,DF,cyrille-bayala,Cyrille Bayala,FW,DF-FW,1,39,0,0,0,,0
cyrille-bayala,Cyrille Bayala,FW,dramane-salou,Dramane Salou,MF,MF-FW,1,39,0,0,0,,0
blati-toure,Blati Touré,MF,eric-traore,Eric Traoré,FW,MF-FW,1,38,0,1,-1,,0
edmond-tapsoba,Edmond Tapsoba,DF,eric-traore,Eric Traoré,FW,DF-FW,1,38,0,1,-1,,0
eric-traore,Eric Traoré,FW,gustavo-sangare,Gustavo Sangaré,MF,MF-FW,1,38,0,1,-1,,0
eric-traore,Eric Traoré,FW,ismahila-ouedraogo,Ismahila Ouédraogo,MF,MF-FW,1,38,0,1,-1,,0
eric-traore,Eric Traoré,FW,issa-kabore,Issa Kaboré,DF,DF-FW,1,38,0,1,-1,,0
eric-traore,Eric Traoré,FW,soumaila-ouattara,Soumaïla Ouattara,DF,DF-FW,1,38,0,1,-1,,0
eric-traore,Eric Traoré,FW,steeve-yago,Steeve Yago,DF,DF-FW,1,38,0,1,-1,,0
abdoul-yoda,Abdoul Yoda,MF,herve-koffi,Hervé Koffi,GK,GK-MF,1,38,1,0,1,,0
eric-traore,Eric Traoré,FW,hassane-bande,Hassane Bandé,FW,FW-FW,1,37,0,0,0,,0
dramane-salou,Dramane Salou,MF,edmond-tapsoba,Edmond Tapsoba,DF,DF-MF,3,37,1,1,0,,0
dramane-salou,Dramane Salou,MF,saidou-simpore,Saïdou Simporé,DF,DF-MF,3,37,1,1,0,,0
ousseni-bouda,Ousseni Bouda,FW,stephane-aziz-ki,Stephane Aziz Ki,MF,MF-FW,2,35,1,0,1,,0
abdoul-kader-ouattara,Abdoul Kader Ouattara,FW,ousmane-camara,Ousmane Camara,FW,FW-FW,2,34,2,0,2,,0
dango-ouattara,Dango Ouattara,FW,zakaria-sanogo,Zakaria Sanogo,FW,FW-FW,2,33,0,0,0,,0
kilian-nikiema,Kilian Nikiema,GK,mamady-bangre,Mamady Bangré,FW,GK-FW,1,33,0,2,-2,,0
dramane-salou,Dramane Salou,MF,ousseni-bouda,Ousseni Bouda,FW,MF-FW,2,33,0,0,0,,0
blati-toure,Blati Touré,MF,valentin-nouma,Valentin Nouma,DF,DF-MF,2,31,2,1,1,,0
dango-ouattara,Dango Ouattara,FW,valentin-nouma,Valentin Nouma,DF,DF-FW,2,31,2,1,1,,0
edmond-tapsoba,Edmond Tapsoba,DF,valentin-nouma,Valentin Nouma,DF,DF-DF,2,31,2,1,1,,0
gustavo-sangare,Gustavo Sangaré,MF,valentin-nouma,Valentin Nouma,DF,DF-MF,2,31,2,1,1,,0
ousmane-camara,Ousmane Camara,FW,ousseni-bouda,Ousseni Bouda,FW,FW-FW,2,31,1,1,0,,0
dango-ouattara,Dango Ouattara,FW,pakwo-gnanou,Pakwo Gnanou,DF,DF-FW,1,31,0,1,-1,,0
aboubacar-sawadogo,Aboubacar Sawadogo,GK,blati-toure,Blati Touré,MF,GK-MF,1,30,0,0,0,,0
aboubacar-sawadogo,Aboubacar Sawadogo,GK,edmond-tapsoba,Edmond Tapsoba,DF,GK-DF,1,30,0,0,0,,0
aboubacar-sawadogo,Aboubacar Sawadogo,GK,eric-traore,Eric Traoré,FW,GK-FW,1,30,0,0,0,,0
aboubacar-sawadogo,Aboubacar Sawadogo,GK,gustavo-sangare,Gustavo Sangaré,MF,GK-MF,1,30,0,0,0,,0
aboubacar-sawadogo,Aboubacar Sawadogo,GK,hassane-bande,Hassane Bandé,FW,GK-FW,1,30,0,0,0,,0
aboubacar-sawadogo,Aboubacar Sawadogo,GK,ismahila-ouedraogo,Ismahila Ouédraogo,MF,GK-MF,1,30,0,0,0,,0
aboubacar-sawadogo,Aboubacar Sawadogo,GK,issa-kabore,Issa Kaboré,DF,GK-DF,1,30,0,0,0,,0
aboubacar-sawadogo,Aboubacar Sawadogo,GK,mohamed-konate,Mohamed Konaté,FW,GK-FW,1,30,0,0,0,,0
aboubacar-sawadogo,Aboubacar Sawadogo,GK,soumaila-ouattara,Soumaïla Ouattara,DF,GK-DF,1,30,0,0,0,,0
aboubacar-sawadogo,Aboubacar Sawadogo,GK,steeve-yago,Steeve Yago,DF,GK-DF,1,30,0,0,0,,0
eric-traore,Eric Traoré,FW,mohamed-konate,Mohamed Konaté,FW,FW-FW,1,30,0,0,0,,0
abdoul-bandaogo,Abdoul Bandaogo,MF,abdoul-tapsoba,Abdoul Tapsoba,FW,MF-FW,1,30,0,0,0,,0
abdoul-bandaogo,Abdoul Bandaogo,MF,ousseni-bouda,Ousseni Bouda,FW,MF-FW,1,30,3,1,2,,0
abdoul-guiebre,Abdoul Guiebre,DF,djibril-ouattara,Djibril Ouattara,FW,DF-FW,1,30,0,0,0,,0
cedric-badolo,Cedric Badolo,MF,pierre-landry-kabore,Pierre Landry Kaboré,FW,MF-FW,2,30,1,1,0,,0
cedric-badolo,Cedric Badolo,MF,josue-tiendrebeogo,Josué Tiendrébéogo,MF,MF-MF,1,29,0,2,-2,,0
josue-tiendrebeogo,Josué Tiendrébéogo,MF,ousseni-bouda,Ousseni Bouda,FW,MF-FW,1,29,0,2,-2,,0
ousseni-bouda,Ousseni Bouda,FW,valentin-nouma,Valentin Nouma,DF,DF-FW,1,29,0,2,-2,,0
bertrand-traore,Bertrand Traoré,FW,dramane-salou,Dramane Salou,MF,MF-FW,2,27,1,1,0,,0
blati-toure,Blati Touré,MF,dramane-salou,Dramane Salou,MF,MF-MF,2,27,1,1,0,,0
dramane-salou,Dramane Salou,MF,steeve-yago,Steeve Yago,DF,DF-MF,2,27,1,1,0,,0
dango-ouattara,Dango Ouattara,FW,dramane-salou,Dramane Salou,MF,MF-FW,2,27,1,1,0,,0
abdoul-yoda,Abdoul Yoda,MF,edmond-tapsoba,Edmond Tapsoba,DF,DF-MF,1,27,1,0,1,,0
abdoul-yoda,Abdoul Yoda,MF,mohamed-konate,Mohamed Konaté,FW,MF-FW,1,27,1,0,1,,0
djibril-ouattara,Djibril Ouattara,FW,hassane-bande,Hassane Bandé,FW,FW-FW,3,26,1,1,0,,0
mohamed-konate,Mohamed Konaté,FW,patrick-malo,Patrick Malo,DF,DF-FW,1,24,0,0,0,,0
patrick-malo,Patrick Malo,DF,zakaria-sanogo,Zakaria Sanogo,FW,DF-FW,1,24,0,0,0,,0
abdoul-tapsoba,Abdoul Tapsoba,FW,mamady-bangre,Mamady Bangré,FW,FW-FW,1,24,1,0,1,,0
bertrand-traore,Bertrand Traoré,FW,raouf-memel-dao,Raouf Memel Dao,MF,MF-FW,1,24,0,1,-1,,0
cedric-badolo,Cedric Badolo,MF,raouf-memel-dao,Raouf Memel Dao,MF,MF-MF,1,24,0,1,-1,,0
lohann-doucet,Lohann Doucet,MF,ousseni-bouda,Ousseni Bouda,FW,MF-FW,1,24,0,0,0,,0
lohann-doucet,Lohann Doucet,MF,pakwo-gnanou,Pakwo Gnanou,DF,DF-MF,1,24,0,0,0,,0
mohamed-konate,Mohamed Konaté,FW,pakwo-gnanou,Pakwo Gnanou,DF,DF-FW,1,24,0,0,0,,0
adama-guira,Adama Guira,MF,ousseni-bouda,Ousseni Bouda,FW,MF-FW,1,23,0,0,0,,0
cyrille-bayala,Cyrille Bayala,FW,ousseni-bouda,Ousseni Bouda,FW,FW-FW,1,23,0,0,0,,0
dramane-salou,Dramane Salou,MF,stephane-aziz-ki,Stephane Aziz Ki,MF,MF-MF,1,23,0,0,0,,0
arthur-zagre,Arthur Zagré,DF,pierre-landry-kabore,Pierre Landry Kaboré,FW,DF-FW,1,23,0,1,-1,,0
arthur-zagre,Arthur Zagré,DF,saidou-simpore,Saïdou Simporé,DF,DF-DF,1,23,0,1,-1,,0
ousseni-bouda,Ousseni Bouda,FW,pierre-landry-kabore,Pierre Landry Kaboré,FW,FW-FW,1,23,0,1,-1,,0
pakwo-gnanou,Pakwo Gnanou,DF,pierre-landry-kabore,Pierre Landry Kaboré,FW,DF-FW,1,23,0,1,-1,,0
pakwo-gnanou,Pakwo Gnanou,DF,saidou-simpore,Saïdou Simporé,DF,DF-DF,1,23,0,1,-1,,0
dramane-salou,Dramane Salou,MF,lassina-traore,Lassina Traoré,FW,MF-FW,2,22,1,0,1,,0
lassina-traore,Lassina Traoré,FW,mohamed-konate,Mohamed Konaté,FW,FW-FW,2,21,0,1,-1,,0
abdoul-ayinde,Abdoul Ayinde,DF,adamo-nagalo,Adamo Nagalo,DF,DF-DF,1,20,1,0,1,,0
abdoul-ayinde,Abdoul Ayinde,DF,pierre-landry-kabore,Pierre Landry Kaboré,FW,DF-FW,1,20,1,0,1,,0
abdoul-yoda,Abdoul Yoda,MF,adamo-nagalo,Adamo Nagalo,DF,DF-MF,1,20,1,0,1,,0
abdoul-yoda,Abdoul Yoda,MF,pierre-landry-kabore,Pierre Landry Kaboré,FW,MF-FW,1,20,1,0,1,,0
cedric-badolo,Cedric Badolo,MF,mohamed-zougrana,Mohamed Zougrana,MF,MF-MF,1,20,1,0,1,,0
cedric-badolo,Cedric Badolo,MF,clement-pitroipa,Clement Pitroipa,MF,MF-MF,1,19,0,0,0,,0
clement-pitroipa,Clement Pitroipa,MF,farid-ouedraogo,Farid Ouédraogo,GK,GK-MF,1,19,0,0,0,,0
clement-pitroipa,Clement Pitroipa,MF,hassane-bande,Hassane Bandé,FW,MF-FW,1,19,0,0,0,,0
clement-pitroipa,Clement Pitroipa,MF,issoufou-dayo,Issoufou Dayo,DF,DF-MF,1,19,0,0,0,,0
clement-pitroipa,Clement Pitroipa,MF,lassina-traore,Lassina Traoré,FW,MF-FW,1,19,0,0,0,,0
clement-pitroipa,Clement Pitroipa,MF,mohamed-ouedraogo,Mohamed Ouédraogo,DF,DF-MF,1,19,0,0,0,,0
clement-pitroipa,Clement Pitroipa,MF,nasser-djiga,Nasser Djiga,DF,DF-MF,1,19,0,0,0,,0
clement-pitroipa,Clement Pitroipa,MF,ousseni-bouda,Ousseni Bouda,FW,MF-FW,1,19,0,0,0,,0
clement-pitroipa,Clement Pitroipa,MF,sacha-banse,Sacha Bansé,MF,MF-MF,1,19,0,0,0,,0
mohamed-ouedraogo,Mohamed Ouédraogo,DF,trova-boni,Trova Boni,DF,DF-DF,1,18,0,1,-1,,0
ousseni-bouda,Ousseni Bouda,FW,trova-boni,Trova Boni,DF,DF-FW,1,18,0,1,-1,,0
saidou-simpore,Saïdou Simporé,DF,trova-boni,Trova Boni,DF,DF-DF,1,18,0,1,-1,,0
josue-tiendrebeogo,Josué Tiendrébéogo,MF,kilian-nikiema,Kilian Nikiema,GK,GK-MF,1,18,0,0,0,,0
abdoul-bandaogo,Abdoul Bandaogo,MF,stephane-aziz-ki,Stephane Aziz Ki,MF,MF-MF,2,17,1,0,1,,0
adamo-nagalo,Adamo Nagalo,DF,valentin-nouma,Valentin Nouma,DF,DF-DF,1,16,2,0,2,,0
bertrand-traore,Bertrand Traoré,FW,valentin-nouma,Valentin Nouma,DF,DF-FW,1,16,2,0,2,,0
herve-koffi,Hervé Koffi,GK,valentin-nouma,Valentin Nouma,DF,GK-DF,1,16,2,0,2,,0
ismahila-ouedraogo,Ismahila Ouédraogo,MF,valentin-nouma,Valentin Nouma,DF,DF-MF,1,16,2,0,2,,0
blati-toure,Blati Touré,MF,ousmane-camara,Ousmane Camara,FW,MF-FW,1,16,0,0,0,,0
abdoul-tapsoba,Abdoul Tapsoba,FW,arthur-zagre,Arthur Zagré,DF,DF-FW,1,16,0,0,0,,0
abdoul-tapsoba,Abdoul Tapsoba,FW,ousseni-bouda,Ousseni Bouda,FW,FW-FW,1,16,0,0,0,,0
abdoul-tapsoba,Abdoul Tapsoba,FW,pakwo-gnanou,Pakwo Gnanou,DF,DF-FW,1,16,0,0,0,,0
abdoul-tapsoba,Abdoul Tapsoba,FW,pierre-landry-kabore,Pierre Landry Kaboré,FW,FW-FW,1,16,0,0,0,,0
adama-guira,Adama Guira,MF,valentin-nouma,Valentin Nouma,DF,DF-MF,1,15,0,1,-1,,0
cyrille-bayala,Cyrille Bayala,FW,valentin-nouma,Valentin Nouma,DF,DF-FW,1,15,0,1,-1,,0
kilian-nikiema,Kilian Nikiema,GK,valentin-nouma,Valentin Nouma,DF,GK-DF,1,15,0,1,-1,,0
mamady-bangre,Mamady Bangré,FW,valentin-nouma,Valentin Nouma,DF,DF-FW,1,15,0,1,-1,,0
dramane-salou,Dramane Salou,MF,ismahila-ouedraogo,Ismahila Ouédraogo,MF,MF-MF,1,15,0,1,-1,,0
ismahila-ouedraogo,Ismahila Ouédraogo,MF,nasser-djiga,Nasser Djiga,DF,DF-MF,1,15,0,1,-1,,0
cedric-badolo,Cedric Badolo,MF,hamed-blakiss-ouattara,Hamed Blakiss Ouattara,FW,MF-FW,1,15,0,0,0,,0
clement-pitroipa,Clement Pitroipa,MF,hamed-blakiss-ouattara,Hamed Blakiss Ouattara,FW,MF-FW,1,15,0,0,0,,0
farid-ouedraogo,Farid Ouédraogo,GK,hamed-blakiss-ouattara,Hamed Blakiss Ouattara,FW,GK-FW,1,15,0,0,0,,0
hamed-blakiss-ouattara,Hamed Blakiss Ouattara,FW,hassane-bande,Hassane Bandé,FW,FW-FW,1,15,0,0,0,,0
hamed-blakiss-ouattara,Hamed Blakiss Ouattara,FW,issoufou-dayo,Issoufou Dayo,DF,DF-FW,1,15,0,0,0,,0
hamed-blakiss-ouattara,Hamed Blakiss Ouattara,FW,lassina-traore,Lassina Traoré,FW,FW-FW,1,15,0,0,0,,0
hamed-blakiss-ouattara,Hamed Blakiss Ouattara,FW,mohamed-ouedraogo,Mohamed Ouédraogo,DF,DF-FW,1,15,0,0,0,,0
hamed-blakiss-ouattara,Hamed Blakiss Ouattara,FW,nasser-djiga,Nasser Djiga,DF,DF-FW,1,15,0,0,0,,0
hamed-blakiss-ouattara,Hamed Blakiss Ouattara,FW,ousseni-bouda,Ousseni Bouda,FW,FW-FW,1,15,0,0,0,,0
hamed-blakiss-ouattara,Hamed Blakiss Ouattara,FW,sacha-banse,Sacha Bansé,MF,MF-FW,1,15,0,0,0,,0
adamo-nagalo,Adamo Nagalo,DF,mohamed-ali-yabre,Mohamed Ali Yabré,DF,DF-DF,1,15,0,1,-1,,0
dango-ouattara,Dango Ouattara,FW,mohamed-ali-yabre,Mohamed Ali Yabré,DF,DF-FW,1,15,0,1,-1,,0
dramane-salou,Dramane Salou,MF,hassane-bande,Hassane Bandé,FW,MF-FW,1,15,0,1,-1,,0
dramane-salou,Dramane Salou,MF,mohamed-ali-yabre,Mohamed Ali Yabré,DF,DF-MF,1,15,0,1,-1,,0
dramane-salou,Dramane Salou,MF,mohamed-zougrana,Mohamed Zougrana,MF,MF-MF,1,15,0,1,-1,,0
hassane-bande,Hassane Bandé,FW,mohamed-ali-yabre,Mohamed Ali Yabré,DF,DF-FW,1,15,0,1,-1,,0
herve-koffi,Hervé Koffi,GK,mohamed-ali-yabre,Mohamed Ali Yabré,DF,GK-DF,1,15,0,1,-1,,0
issa-kabore,Issa Kaboré,DF,mohamed-ali-yabre,Mohamed Ali Yabré,DF,DF-DF,1,15,0,1,-1,,0
mohamed-ali-yabre,Mohamed Ali Yabré,DF,mohamed-konate,Mohamed Konaté,FW,DF-FW,1,15,0,1,-1,,0
mohamed-ali-yabre,Mohamed Ali Yabré,DF,mohamed-zougrana,Mohamed Zougrana,MF,DF-MF,1,15,0,1,-1,,0
mohamed-ali-yabre,Mohamed Ali Yabré,DF,nasser-djiga,Nasser Djiga,DF,DF-DF,1,15,0,1,-1,,0
mohamed-ali-yabre,Mohamed Ali Yabré,DF,saidou-simpore,Saïdou Simporé,DF,DF-DF,1,15,0,1,-1,,0
bertrand-traore,Bertrand Traoré,FW,ousseni-bouda,Ousseni Bouda,FW,FW-FW,1,15,0,1,-1,,0
georgi-minoungou,Georgi Minoungou,FW,ousseni-bouda,Ousseni Bouda,FW,FW-FW,1,15,0,1,-1,,0
abdoul-kader-ouattara,Abdoul Kader Ouattara,FW,ousseni-bouda,Ousseni Bouda,FW,FW-FW,1,13,1,0,1,,0
cyriaque-irie,Cyriaque Irié,FW,kilian-nikiema,Kilian Nikiema,GK,GK-FW,1,13,0,0,0,,0
djibril-ouattara,Djibril Ouattara,FW,zakaria-sanogo,Zakaria Sanogo,FW,FW-FW,1,12,1,1,0,,0
abdoul-bandaogo,Abdoul Bandaogo,MF,ismahila-ouedraogo,Ismahila Ouédraogo,MF,MF-MF,1,12,1,0,1,,0
abdoul-bandaogo,Abdoul Bandaogo,MF,steeve-yago,Steeve Yago,DF,DF-MF,1,12,1,0,1,,0
dramane-salou,Dramane Salou,MF,farid-ouedraogo,Farid Ouédraogo,GK,GK-MF,1,12,1,0,1,,0
abdoul-tapsoba,Abdoul Tapsoba,FW,arsene-kouassi,Arsène Kouassi,DF,DF-FW,1,11,0,0,0,,0
adamo-nagalo,Adamo Nagalo,DF,hassim-traore,Hassim Traore,FW,DF-FW,1,10,0,1,-1,,0
edmond-tapsoba,Edmond Tapsoba,DF,hassim-traore,Hassim Traore,FW,DF-FW,1,10,0,1,-1,,0
hassim-traore,Hassim Traore,FW,kilian-nikiema,Kilian Nikiema,GK,GK-FW,1,10,0,1,-1,,0
hassim-traore,Hassim Traore,FW,mohamed-konate,Mohamed Konaté,FW,FW-FW,1,10,0,1,-1,,0
hassim-traore,Hassim Traore,FW,mohamed-ouedraogo,Mohamed Ouédraogo,DF,DF-FW,1,10,0,1,-1,,0
hassim-traore,Hassim Traore,FW,sacha-banse,Sacha Bansé,MF,MF-FW,1,10,0,1,-1,,0
hassim-traore,Hassim Traore,FW,saidou-simpore,Saïdou Simporé,DF,DF-FW,1,10,0,1,-1,,0
hassim-traore,Hassim Traore,FW,steeve-yago,Steeve Yago,DF,DF-FW,1,10,0,1,-1,,0
dramane-salou,Dramane Salou,MF,mohamed-ouedraogo,Mohamed Ouédraogo,DF,DF-MF,1,10,0,0,0,,0
dramane-salou,Dramane Salou,MF,ousmane-camara,Ousmane Camara,FW,MF-FW,1,10,0,0,0,,0
dramane-salou,Dramane Salou,MF,trova-boni,Trova Boni,DF,DF-MF,1,10,0,0,0,,0
adamo-nagalo,Adamo Nagalo,DF,jack-diarra,Jack Diarra,FW,DF-FW,1,10,0,1,-1,,0
arsene-kouassi,Arsène Kouassi,DF,jack-diarra,Jack Diarra,FW,DF-FW,1,10,0,1,-1,,0
bertrand-traore,Bertrand Traoré,FW,jack-diarra,Jack Diarra,FW,FW-FW,1,10,0,1,-1,,0
cedric-badolo,Cedric Badolo,MF,jack-diarra,Jack Diarra,FW,MF-FW,1,10,0,1,-1,,0
edmond-tapsoba,Edmond Tapsoba,DF,jack-diarra,Jack Diarra,FW,DF-FW,1,10,0,1,-1,,0
herve-koffi,Hervé Koffi,GK,jack-diarra,Jack Diarra,FW,GK-FW,1,10,0,1,-1,,0
issa-kabore,Issa Kaboré,DF,jack-diarra,Jack Diarra,FW,DF-FW,1,10,0,1,-1,,0
jack-diarra,Jack Diarra,FW,pierre-landry-kabore,Pierre Landry Kaboré,FW,FW-FW,1,10,0,1,-1,,0
jack-diarra,Jack Diarra,FW,raouf-memel-dao,Raouf Memel Dao,MF,MF-FW,1,10,0,1,-1,,0
jack-diarra,Jack Diarra,FW,saidou-simpore,Saïdou Simporé,DF,DF-FW,1,10,0,1,-1,,0
pierre-landry-kabore,Pierre Landry Kaboré,FW,raouf-memel-dao,Raouf Memel Dao,MF,MF-FW,1,10,0,1,-1,,0
mohamed-konate,Mohamed Konaté,FW,pierre-landry-kabore,Pierre Landry Kaboré,FW,FW-FW,1,10,0,0,0,,0
hassane-bande,Hassane Bandé,FW,patrick-malo,Patrick Malo,DF,DF-FW,1,9,0,0,0,,0
cyrille-bayala,Cyrille Bayala,FW,ismahila-ouedraogo,Ismahila Ouédraogo,MF,MF-FW,1,9,0,0,0,,0
cyrille-bayala,Cyrille Bayala,FW,zakaria-sanogo,Zakaria Sanogo,FW,FW-FW,1,9,0,0,0,,0
abdoul-tapsoba,Abdoul Tapsoba,FW,trova-boni,Trova Boni,DF,DF-FW,2,9,0,0,0,,0
adama-guira,Adama Guira,MF,trova-boni,Trova Boni,DF,DF-MF,2,9,0,0,0,,0
blati-toure,Blati Touré,MF,trova-boni,Trova Boni,DF,DF-MF,2,9,0,0,0,,0
abdoul-tapsoba,Abdoul Tapsoba,FW,sacha-banse,Sacha Bansé,MF,MF-FW,1,9,0,1,-1,,0
djibril-ouattara,Djibril Ouattara,FW,sacha-banse,Sacha Bansé,MF,MF-FW,1,9,0,1,-1,,0
cedric-badolo,Cedric Badolo,MF,hassim-traore,Hassim Traore,FW,MF-FW,1,9,0,1,-1,,0
dango-ouattara,Dango Ouattara,FW,hassim-traore,Hassim Traore,FW,FW-FW,1,9,0,1,-1,,0
abdoul-ayinde,Abdoul Ayinde,DF,clovis-bazemo,Clovis Bazemo,GK,GK-DF,1,9,1,0,1,,0
abdoul-yoda,Abdoul Yoda,MF,clovis-bazemo,Clovis Bazemo,GK,GK-MF,1,9,1,0,1,,0
adamo-nagalo,Adamo Nagalo,DF,clovis-bazemo,Clovis Bazemo,GK,GK-DF,1,9,1,0,1,,0
clovis-bazemo,Clovis Bazemo,GK,dango-ouattara,Dango Ouattara,FW,GK-FW,1,9,1,0,1,,0
clovis-bazemo,Clovis Bazemo,GK,georgi-minoungou,Georgi Minoungou,FW,GK-FW,1,9,1,0,1,,0
clovis-bazemo,Clovis Bazemo,GK,issa-kabore,Issa Kaboré,DF,GK-DF,1,9,1,0,1,,0
clovis-bazemo,Clovis Bazemo,GK,issoufou-dayo,Issoufou Dayo,DF,GK-DF,1,9,1,0,1,,0
clovis-bazemo,Clovis Bazemo,GK,josue-tiendrebeogo,Josué Tiendrébéogo,MF,GK-MF,1,9,1,0,1,,0
clovis-bazemo,Clovis Bazemo,GK,pierre-landry-kabore,Pierre Landry Kaboré,FW,GK-FW,1,9,1,0,1,,0
clovis-bazemo,Clovis Bazemo,GK,saidou-simpore,Saïdou Simporé,DF,GK-DF,1,9,1,0,1,,0
djibril-ouattara,Djibril Ouattara,FW,eric-traore,Eric Traoré,FW,FW-FW,1,8,0,1,-1,,0
eric-traore,Eric Traoré,FW,farid-ouedraogo,Farid Ouédraogo,GK,GK-FW,1,8,0,1,-1,,0
abdoul-guiebre,Abdoul Guiebre,DF,trova-boni,Trova Boni,DF,DF-DF,1,5,0,0,0,,0
mamady-bangre,Mamady Bangré,FW,trova-boni,Trova Boni,DF,DF-FW,1,5,0,0,0,,0
abdoul-tapsoba,Abdoul Tapsoba,FW,aboubacar-bassinga,Aboubacar Bassinga,MF,MF-FW,1,5,0,0,0,,0
aboubacar-bassinga,Aboubacar Bassinga,MF,adamo-nagalo,Adamo Nagalo,DF,DF-MF,1,5,0,0,0,,0
aboubacar-bassinga,Aboubacar Bassinga,MF,arthur-zagre,Arthur Zagré,DF,DF-MF,1,5,0,0,0,,0
aboubacar-bassinga,Aboubacar Bassinga,MF,edmond-tapsoba,Edmond Tapsoba,DF,DF-MF,1,5,0,0,0,,0
aboubacar-bassinga,Aboubacar Bassinga,MF,kilian-nikiema,Kilian Nikiema,GK,GK-MF,1,5,0,0,0,,0
aboubacar-bassinga,Aboubacar Bassinga,MF,ousseni-bouda,Ousseni Bouda,FW,MF-FW,1,5,0,0,0,,0
aboubacar-bassinga,Aboubacar Bassinga,MF,pakwo-gnanou,Pakwo Gnanou,DF,DF-MF,1,5,0,0,0,,0
aboubacar-bassinga,Aboubacar Bassinga,MF,pierre-landry-kabore,Pierre Landry Kaboré,FW,MF-FW,1,5,0,0,0,,0
aboubacar-bassinga,Aboubacar Bassinga,MF,saidou-simpore,Saïdou Simporé,DF,DF-MF,1,5,0,0,0,,0
adamo-nagalo,Adamo Nagalo,DF,trova-boni,Trova Boni,DF,DF-DF,1,4,0,0,0,,0
bertrand-traore,Bertrand Traoré,FW,trova-boni,Trova Boni,DF,DF-FW,1,4,0,0,0,,0
clement-pitroipa,Clement Pitroipa,MF,steeve-yago,Steeve Yago,DF,DF-MF,1,4,0,0,0,,0
adama-guira,Adama Guira,MF,dramane-nikiema,Dramane Nikièma,MF,MF-MF,1,2,0,0,0,,0
blati-toure,Blati Touré,MF,dramane-nikiema,Dramane Nikièma,MF,MF-MF,1,2,0,0,0,,0
dramane-nikiema,Dramane Nikièma,MF,edmond-tapsoba,Edmond Tapsoba,DF,DF-MF,1,2,0,0,0,,0
dramane-nikiema,Dramane Nikièma,MF,herve-koffi,Hervé Koffi,GK,GK-MF,1,2,0,0,0,,0
dramane-nikiema,Dramane Nikièma,MF,ismahila-ouedraogo,Ismahila Ouédraogo,MF,MF-MF,1,2,0,0,0,,0
dramane-nikiema,Dramane Nikièma,MF,issa-kabore,Issa Kaboré,DF,DF-MF,1,2,0,0,0,,0
dramane-nikiema,Dramane Nikièma,MF,issoufou-dayo,Issoufou Dayo,DF,DF-MF,1,2,0,0,0,,0
dramane-nikiema,Dramane Nikièma,MF,mohamed-konate,Mohamed Konaté,FW,MF-FW,1,2,0,0,0,,0
dramane-nikiema,Dramane Nikièma,MF,steeve-yago,Steeve Yago,DF,DF-MF,1,2,0,0,0,,0
dramane-nikiema,Dramane Nikièma,MF,zakaria-sanogo,Zakaria Sanogo,FW,MF-FW,1,2,0,0,0,,0
bertrand-traore,Bertrand Traoré,FW,eric-traore,Eric Traoré,FW,FW-FW,1,1,0,1,-1,,0
blati-toure,Blati Touré,MF,hassim-traore,Hassim Traore,FW,MF-FW,1,1,0,0,0,,0
hassim-traore,Hassim Traore,FW,ousseni-bouda,Ousseni Bouda,FW,FW-FW,1,1,0,0,0,,0
abdoul-ayinde,Abdoul Ayinde,DF,mohamed-ouedraogo,Mohamed Ouédraogo,DF,DF-DF,1,1,0,0,0,,0
pierre-landry-kabore,Pierre Landry Kaboré,FW,stephane-aziz-ki,Stephane Aziz Ki,MF,MF-FW,1,1,0,0,0,,0
