player_id,name,pos,tier,window_start,window_matches,team_min_window,squad_matches,starts,start_share,on_min,minutes_share,off_min,on_gd90,off_gd90,onoff_diff,gate_onoff,starts_ppg,nonstart_ppg,ppg_diff,gate_ppg,goals,assists,pens,ga90,gate_ga90,rating_avg,rated_apps,rated_min,gate_rating,pct_minutes_share,pct_onoff,pct_ppg,pct_ga90,pct_rating
edmond-tapsoba,Edmond Tapsoba,DF,rotation,2022-01-09,60,5855,47,35,0.74,3422,0.584,1166,0.32,0.08,0.24,1,1.63,1.75,-0.12,1,3,1,1,0.11,1,6.98,27,2459,1,100,69,50,43,71
issa-kabore,Issa Kaboré,DF,rotation,2022-01-09,60,5855,40,30,0.75,2935,0.501,998,0.46,0.18,0.28,1,1.73,2.4,-0.67,1,0,6,0,0.18,1,7.07,24,2112,1,99,75,15,62,88
arthur-zagre,Arthur Zagré,DF,,2026-06-05,4,390,4,2,0.5,195,0.5,195,,,,0,,,,0,0,1,0,,0,,2,180,0,,,,,
herve-koffi,Hervé Koffi,GK,rotation,2022-01-09,60,5855,36,29,0.81,2735,0.467,780,0.49,0.12,0.38,1,,,,0,0,0,0,0.0,1,6.98,21,1821,1,98,81,,10,71
lohann-doucet,Lohann Doucet,MF,,2026-03-28,6,582,6,3,0.5,272,0.467,310,,,,0,,,,0,0,0,0,,0,,3,250,0,,,,,
issoufou-dayo,Issoufou Dayo,DF,rotation,2022-01-09,60,5855,37,28,0.76,2647,0.452,951,0.41,0.19,0.22,1,1.68,1.78,-0.1,1,2,0,0,0.07,1,6.8,21,1859,1,97,62,62,27,38
steeve-yago,Steeve Yago,DF,rotation,2022-01-09,60,5855,38,26,0.68,2512,0.429,1219,0.07,0.59,-0.52,1,1.35,1.83,-0.48,1,1,0,0,0.04,1,6.85,21,1667,1,96,6,23,23,50
blati-toure,Blati Touré,MF,rotation,2022-01-09,60,5855,40,25,0.62,2470,0.422,1438,0.58,0.44,0.14,1,1.84,1.6,0.24,1,2,2,0,0.15,1,6.73,20,1782,1,96,50,92,55,25
dango-ouattara,Dango Ouattara,FW,rotation,2022-01-09,60,5855,36,24,0.67,2247,0.384,1235,0.56,0.44,0.12,1,1.75,1.75,0.0,1,11,6,1,0.68,1,7.25,18,1258,1,95,44,77,97,100
arsene-kouassi,Arsène Kouassi,DF,rotation,2025-06-02,22,2140,12,8,0.67,780,0.364,383,,,,0,,,,0,1,0,0,0.12,1,7.22,7,628,1,94,,,47,96
georgi-minoungou,Georgi Minoungou,FW,rotation,2025-09-05,16,1544,13,3,0.23,477,0.309,780,,,,0,,,,0,1,0,0,0.19,1,6.33,6,326,1,93,,,67,0
bertrand-traore,Bertrand Traoré,FW,rotation,2022-01-09,60,5855,32,18,0.56,1771,0.302,1385,0.46,0.26,0.2,1,1.33,2.21,-0.88,1,8,5,6,0.66,1,7.01,17,1145,1,92,56,0,93,77
gustavo-sangare,Gustavo Sangaré,MF,rotation,2022-01-09,60,5855,35,20,0.57,1716,0.293,1717,-0.16,-0.05,-0.1,1,1.25,1.6,-0.35,1,1,1,0,0.1,1,7.02,19,1458,1,91,25,31,40,81
rachid-kouda,Rachid Kouda,MF,,2026-09-22,2,199,2,1,0.5,56,0.281,143,,,,0,,,,0,0,0,0,,0,,1,45,0,,,,,
lassina-traore,Lassina Traoré,FW,marge,2023-03-24,47,4558,19,13,0.68,1127,0.247,715,0.72,-0.25,0.97,1,,,,0,9,1,2,0.8,1,7.03,13,750,1,90,100,,100,85
cedric-badolo,Cedric Badolo,MF,marge,2022-03-24,53,5120,39,12,0.31,1247,0.244,2501,0.36,0.32,0.04,1,1.58,1.89,-0.31,1,0,3,0,0.22,1,6.65,16,912,1,89,38,38,75,12
hassane-bande,Hassane Bandé,FW,marge,2022-01-09,60,5855,28,14,0.5,1288,0.22,1460,0.07,0.18,-0.12,1,1.57,1.5,0.07,1,3,0,1,0.21,1,6.91,16,908,1,88,19,85,70,62
adamo-nagalo,Adamo Nagalo,DF,marge,2022-11-19,48,4652,36,10,0.28,1015,0.218,2453,0.18,0.33,-0.15,1,1.1,1.96,-0.86,1,0,1,0,0.09,1,6.64,7,472,1,88,12,8,37,8
ismahila-ouedraogo,Ismahila Ouédraogo,MF,marge,2022-01-09,60,5855,36,12,0.33,1218,0.208,2313,0.22,-0.19,0.42,1,1.5,1.62,-0.12,1,0,0,0,0.0,1,6.77,12,757,1,87,88,50,10,31
mohamed-konate,Mohamed Konaté,FW,marge,2022-01-09,60,5855,33,12,0.36,1210,0.207,2025,-0.15,0.62,-0.77,1,1.58,1.62,-0.04,1,2,1,0,0.22,1,6.7,14,670,1,86,0,69,75,19
saidou-simpore,Saïdou Simporé,DF,marge,2022-01-09,60,5855,27,10,0.37,1198,0.205,1456,0.75,-0.06,0.81,1,1.9,1.53,0.37,1,0,1,0,0.08,1,6.84,11,582,1,85,94,100,32,46
josue-tiendrebeogo,Josué Tiendrébéogo,MF,marge,2024-11-14,27,2616,10,5,0.5,511,0.195,437,,,,0,,,,0,2,1,0,0.53,1,,2,101,0,84,,,90,
mohamed-zougrana,Mohamed Zougrana,MF,marge,2025-03-21,24,2330,12,6,0.5,451,0.194,704,,,,0,,,,0,2,0,0,0.4,1,,2,61,0,83,,,87,
adama-guira,Adama Guira,MF,marge,2022-01-09,60,5855,18,12,0.67,1122,0.192,646,-0.08,0.0,-0.08,1,,,,0,0,1,0,0.08,1,6.89,12,1049,1,82,31,,32,54
aboubacar-camara,Aboubacar Camara,MF,,2026-09-25,2,199,2,0,0.0,36,0.181,163,,,,0,,,,0,1,0,0,,0,,1,31,0,,,,,
mohamed-ouedraogo,Mohamed Ouédraogo,DF,marge,2024-06-06,33,3191,15,6,0.4,555,0.174,886,,,,0,,,,0,0,0,0,0.0,1,,4,238,0,81,,,10,
cyriaque-irie,Cyriaque Irié,FW,marge,2025-06-02,22,2140,11,5,0.45,368,0.172,693,,,,0,,,,0,1,1,0,,0,,4,152,0,81,,,,
papus-ouattara,Papus Ouattara,FW,marge,2025-08-02,20,1951,4,3,0.75,303,0.155,104,,,,0,,,,0,1,0,0,,0,,4,268,0,80,,,,
sacha-banse,Sacha Bansé,MF,marge,2023-06-18,45,4364,14,7,0.5,643,0.147,706,,,,0,,,,0,1,0,0,0.14,1,7.16,7,427,1,79,,,50,92
pakwo-gnanou,Pakwo Gnanou,DF,,2026-06-05,4,390,3,0,0.0,56,0.144,239,,,,0,,,,0,0,0,0,,0,,2,56,0,,,,,
stephane-aziz-ki,Stephane Aziz Ki,MF,marge,2022-03-29,52,5026,32,8,0.25,712,0.142,2377,,,,0,,,,0,1,2,0,0.38,1,6.81,9,452,1,78,,,83,42
nasser-djiga,Nasser Djiga,DF,marge,2022-03-24,53,5120,36,7,0.19,708,0.138,2766,,,,0,,,,0,0,0,0,0.0,1,6.9,6,466,1,77,,,10,58
pierre-landry-kabore,Pierre Landry Kaboré,FW,marge,2025-06-02,22,2140,16,2,0.12,292,0.136,1249,,,,0,,,,0,3,0,0,,0,,5,191,0,76,,,,
taonsa-axel,Taonsa Axel,MF,,2026-09-25,2,199,2,0,0.0,26,0.131,173,,,,0,,,,0,0,0,0,,0,,1,27,0,,,,,
moumoune-diallo,Moumoune Diallo,DF,marge,2025-08-02,20,1951,4,2,0.5,250,0.128,157,,,,0,,,,0,0,0,0,,0,,3,225,0,75,,,,
abdoul-abass-guiro,Abdoul Abass Guiro,,marge,2025-01-09,25,2425,5,3,0.6,307,0.127,195,,,,0,,,,0,1,0,1,,0,,3,270,0,74,,,,
ladji-brahima-sanou,Ladji Brahima Sanou,GK,marge,2025-01-09,25,2425,8,3,0.38,307,0.127,477,,,,0,,,,0,0,0,0,,0,,3,270,0,74,,,,
chec-bebel-doumbia,Chec Bebel Doumbia,MF,,2026-09-25,2,199,2,0,0.0,25,0.126,174,,,,0,,,,0,0,0,0,,0,,1,19,0,,,,,
abdoul-guiebre,Abdoul Guiebre,DF,marge,2022-03-24,53,5120,15,7,0.47,633,0.124,813,,,,0,,,,0,0,0,0,0.0,1,6.92,5,436,1,73,,,10,65
tertius-bagre,Tertius Bagré,MF,marge,2025-08-02,20,1951,4,2,0.5,240,0.123,167,,,,0,,,,0,0,0,0,,0,,4,210,0,72,,,,
abdoul-tapsoba,Abdoul Tapsoba,FW,marge,2022-01-09,60,5855,27,8,0.3,702,0.12,1977,,,,0,,,,0,1,1,0,0.26,1,6.47,15,645,1,71,,,80,4
yves-koutiama,Yves Koutiama,FW,marge,2025-08-02,20,1951,4,1,0.25,225,0.115,182,,,,0,,,,0,0,1,0,,0,,4,198,0,70,,,,
abdoul-baguian,Abdoul Baguian,FW,marge,2025-01-09,25,2425,5,2,0.4,269,0.111,233,,,,0,,,,0,1,0,0,,0,,4,237,0,69,,,,
farid-ouedraogo,Farid Ouédraogo,GK,marge,2022-01-09,60,5855,28,6,0.21,640,0.109,2120,,,,0,,,,0,0,0,0,0.0,1,6.73,7,594,1,68,,,10,25
kalifa-nikiema,Kalifa Nikiema,MF,marge,2025-01-09,25,2425,4,3,0.75,257,0.106,145,,,,0,,,,0,0,0,0,,0,,3,225,0,67,,,,
mohamed-guira,Mohamed Guira,DF,marge,2025-08-02,20,1951,4,2,0.5,207,0.106,200,,,,0,,,,0,0,0,0,,0,,2,180,0,67,,,,
cyrille-bayala,Cyrille Bayala,FW,marge,2022-01-09,60,5855,16,7,0.44,614,0.105,913,,,,0,,,,0,1,0,0,0.15,1,6.69,9,586,1,65,,,55,15
kilian-nikiema,Kilian Nikiéma,GK,marge,2022-01-09,60,5855,42,6,0.14,612,0.105,3472,,,,0,,,,0,0,0,0,0.0,1,,4,315,0,65,,,10,
ousseni-bouda,Ousseni Bouda,FW,marge,2022-06-03,51,4933,24,4,0.17,500,0.101,1811,,,,0,,,,0,1,0,0,0.18,1,6.78,10,411,1,63,,,62,35
josaphat-ouattara,Josaphat Ouattara,MF,marge,2025-08-02,20,1951,3,2,0.67,198,0.101,104,,,,0,,,,0,0,0,0,,0,,2,179,0,63,,,,
ousmane-siry,Ousmane Siry,MF,marge,2025-08-02,20,1951,4,2,0.5,183,0.094,224,,,,0,,,,0,0,0,0,,0,,3,168,0,62,,,,
moise-elohim-kabore,Moise Elohim Kaboré,FW,,2026-03-28,6,582,5,0,0.0,54,0.093,431,,,,0,,,,0,0,0,0,,0,,2,43,0,,,,,
frank-tologo,Frank Tologo,DF,marge,2025-08-02,20,1951,4,2,0.5,180,0.092,227,,,,0,,,,0,0,0,0,,0,,2,167,0,61,,,,
souleymane-sangare,Souleymane Sangaré,MF,marge,2025-08-02,20,1951,4,2,0.5,156,0.08,251,,,,0,,,,0,1,0,0,,0,,2,135,0,60,,,,
abdoul-ayinde,Abdoul Ayinde,DF,marge,2025-06-02,22,2140,12,2,0.17,169,0.079,982,,,,0,,,,0,0,1,0,,0,,0,0,0,59,,,,
aliou-chitou-adjibade,Aliou Chitou Adjibadé,MF,marge,2025-08-02,20,1951,4,2,0.5,154,0.079,253,,,,0,,,,0,0,0,0,,0,,3,142,0,59,,,,
issouf-kabore,Issouf Kaboré,FW,marge,2025-08-02,20,1951,4,2,0.5,153,0.078,254,,,,0,,,,0,0,0,0,,0,,3,132,0,58,,,,
ousmane-camara,Ousmane Camara,FW,marge,2024-09-06,31,3007,6,1,0.17,186,0.062,396,,,,0,,,,0,0,0,0,,0,,5,162,0,57,,,,
patrick-malo,Patrick Malo,DF,marge,2022-01-09,60,5855,12,3,0.25,356,0.061,881,,,,0,,,,0,1,0,1,,0,,4,315,0,55,,,,
hanaby-hadalou-sagne,Hanaby Hadalou Sagne,DF,marge,2025-01-09,25,2425,7,2,0.29,149,0.061,544,,,,0,,,,0,0,1,0,,0,,2,135,0,55,,,,
soumaila-ouattara,Soumaïla Ouattara,DF,marge,2022-01-09,60,5855,8,3,0.38,350,0.06,475,,,,0,,,,0,0,0,0,,0,,3,302,0,54,,,,
abdoulaye-toure,Abdoulaye Toure,FW,marge,2025-01-09,25,2425,4,2,0.5,143,0.059,259,,,,0,,,,0,0,0,0,,0,,2,131,0,53,,,,
romain-lougoutiogue,Romain Lougoutiogue,FW,marge,2025-01-09,25,2425,4,2,0.5,140,0.058,257,,,,0,,,,0,0,0,0,,0,,2,131,0,52,,,,
abdoul-kader-ouattara,Abdoul Kader Ouattara,FW,marge,2024-09-06,31,3007,3,2,0.67,160,0.053,135,,,,0,,,,0,0,0,0,,0,,3,149,0,51,,,,
christophe-ouattara,Christophe Ouattara,DF,marge,2025-08-02,20,1951,4,1,0.25,100,0.051,307,,,,0,,,,0,0,0,0,,0,,1,90,0,50,,,,
moussa-traore,Moussa Traoré,GK,marge,2025-08-02,20,1951,4,1,0.25,100,0.051,307,,,,0,,,,0,0,0,0,,0,,1,90,0,50,,,,
djibril-ouattara,Djibril Ouattara,FW,marge,2022-01-09,60,5855,19,2,0.11,248,0.042,1656,,,,0,,,,0,1,0,0,,0,,5,230,0,49,,,,
raouf-memel-dao,Raouf Memel Dao,MF,marge,2025-01-09,25,2425,4,1,0.25,94,0.039,285,,,,0,,,,0,0,0,0,,0,,0,0,0,47,,,,
cedric-barro,Cédric Barro,MF,marge,2025-08-02,20,1951,4,1,0.25,77,0.039,330,,,,0,,,,0,0,0,0,,0,,1,74,0,47,,,,
abdoul-bandaogo,Abdoul Bandaogo,MF,marge,2022-06-03,51,4933,3,2,0.67,188,0.038,94,,,,0,,,,0,0,0,0,,0,,2,180,0,46,,,,
mamady-bangre,Mamady Bangré,FW,marge,2022-03-24,53,5120,12,2,0.17,180,0.035,995,,,,0,,,,0,0,0,0,,0,,4,163,0,45,,,,
dramane-salou,Dramane Salou,MF,marge,2023-06-18,45,4364,16,1,0.06,148,0.034,1413,,,,0,,,,0,0,0,0,,0,,4,129,0,44,,,,
trova-boni,Trova Boni,DF,marge,2022-03-24,53,5120,12,2,0.17,147,0.029,1002,,,,0,,,,0,0,0,0,,0,,3,127,0,43,,,,
damassi-konate,Damassi Konaté,FW,marge,2025-08-02,20,1951,4,0,0.0,57,0.029,350,,,,0,,,,0,0,0,0,,0,,1,47,0,43,,,,
zakaria-sanogo,Zakaria Sanogo,FW,marge,2022-01-09,60,5855,7,0,0.0,148,0.025,587,,,,0,,,,0,0,0,0,,0,,5,131,0,42,,,,
valentin-nouma,Valentin Nouma,DF,marge,2022-11-19,48,4652,14,1,0.07,107,0.023,1234,,,,0,,,,0,0,0,0,,0,,2,85,0,41,,,,
aboubacar-bassinga,Aboubacar Bassinga,MF,,2026-06-05,4,390,2,0,0.0,5,0.013,186,,,,0,,,,0,0,0,0,,0,,0,0,0,,,,,
abdoul-yoda,Abdoul Yoda,MF,marge,2022-06-07,50,4839,8,0,0.0,47,0.01,707,,,,0,,,,0,0,0,0,,0,,0,0,0,40,,,,
clement-pitroipa,Clement Pitroipa,MF,marge,2024-11-14,27,2616,3,0,0.0,19,0.007,267,,,,0,,,,0,0,0,0,,0,,1,15,0,39,,,,
eric-traore,Eric Traoré,FW,marge,2022-01-09,60,5855,4,0,0.0,38,0.006,381,,,,0,,,,0,0,0,0,,0,,1,23,0,37,,,,
hamed-blakiss-ouattara,Hamed Blakiss Ouattara,FW,marge,2024-11-14,27,2616,3,0,0.0,15,0.006,271,,,,0,,,,0,0,0,0,,0,,1,11,0,37,,,,
clovis-bazemo,Clovis Bazemo,GK,marge,2025-09-05,16,1544,2,0,0.0,9,0.006,181,,,,0,,,,0,0,0,0,,0,,0,0,0,37,,,,
aboubacar-sawadogo,Aboubacar Sawadogo,GK,marge,2022-01-09,60,5855,9,0,0.0,30,0.005,893,,,,0,,,,0,0,0,0,,0,,1,16,0,35,,,,
mohamed-ali-yabre,Mohamed Ali Yabré,DF,marge,2024-09-06,31,3007,4,0,0.0,15,0.005,372,,,,0,,,,0,0,0,0,,0,,0,0,0,35,,,,
jack-diarra,Jack Diarra,FW,marge,2025-01-09,25,2425,2,0,0.0,10,0.004,179,,,,0,,,,0,0,0,0,,0,,0,0,0,34,,,,
hassim-traore,Hassim Traore,FW,marge,2024-06-06,33,3191,2,0,0.0,10,0.003,174,,,,0,,,,0,0,0,0,,0,,0,0,0,33,,,,
dramane-nikiema,Dramane Nikièma,MF,marge,2022-01-09,60,5855,5,0,0.0,2,0.0,537,,,,0,,,,0,0,0,0,,0,,0,0,0,16,,,,
jean-fiacre-kouame-botue,Jean Fiacre Kouamé Botué,MF,marge,2022-01-09,60,5855,3,0,0.0,0,0.0,317,,,,0,,,,0,0,0,0,,0,,0,0,0,16,,,,
somgogna-hermann-nikiema,Somgogna Hermann Nikiema,DF,marge,2022-01-09,60,5855,5,0,0.0,0,0.0,510,,,,0,,,,0,0,0,0,,0,,0,0,0,16,,,,
oula-traore,Oula Traoré,DF,marge,2022-01-13,59,5757,7,0,0.0,0,0.0,730,,,,0,,,,0,0,0,0,,0,,0,0,0,16,,,,
bryan-dabo,Bryan Dabo,MF,marge,2022-03-24,53,5120,1,0,0.0,0,0.0,94,,,,0,,,,0,0,0,0,,0,,0,0,0,16,,,,
faissal-zangre,Faissal Zangre,FW,marge,2022-03-24,53,5120,1,0,0.0,0,0.0,94,,,,0,,,,0,0,0,0,,0,,0,0,0,16,,,,
joffrey-bazie,Joffrey Bazié,FW,marge,2022-03-24,53,5120,3,0,0.0,0,0.0,281,,,,0,,,,0,0,0,0,,0,,0,0,0,16,,,,
abdel-rachid-zagre,Abdel Rachid Zagré,FW,marge,2022-03-29,52,5026,1,0,0.0,0,0.0,93,,,,0,,,,0,0,0,0,,0,,0,0,0,16,,,,
abou-ouattara,Abou Ouattara,MF,marge,2022-03-29,52,5026,1,0,0.0,0,0.0,93,,,,0,,,,0,0,0,0,,0,,0,0,0,16,,,,
nourdine-balora,Nourdine Balora,GK,marge,2022-03-29,52,5026,2,0,0.0,0,0.0,187,,,,0,,,,0,0,0,0,,0,,0,0,0,16,,,,
abdul-meyker-yabre,Abdul Meyker Yabre,MF,marge,2022-06-03,51,4933,2,0,0.0,0,0.0,188,,,,0,,,,0,0,0,0,,0,,0,0,0,16,,,,
cheick-omar-ouedraogo,Cheick Omar Ouedraogo,DF,marge,2022-06-03,51,4933,4,0,0.0,0,0.0,380,,,,0,,,,0,0,0,0,,0,,0,0,0,16,,,,
mohamed-ouattara,Mohamed Ouattara,FW,marge,2022-06-03,51,4933,2,0,0.0,0,0.0,188,,,,0,,,,0,0,0,0,,0,,0,0,0,16,,,,
hillel-konate,Hillel Konaté,GK,marge,2022-09-27,49,4745,15,0,0.0,0,0.0,1456,,,,0,,,,0,0,0,0,,0,,0,0,0,16,,,,
dao-cyrille,Dao Cyrille,DF,marge,2022-11-19,48,4652,3,0,0.0,0,0.0,285,,,,0,,,,0,0,0,0,,0,,0,0,0,16,,,,
nassim-innocenti,Nassim Innocenti,DF,marge,2023-03-24,47,4558,2,0,0.0,0,0.0,194,,,,0,,,,0,0,0,0,,0,,0,0,0,16,,,,
dramane-kambou,Dramane Kambou,MF,marge,2023-03-28,46,4462,1,0,0.0,0,0.0,98,,,,0,,,,0,0,0,0,,0,,0,0,0,16,,,,
ismael-seone,Ismaël Seone,FW,marge,2023-06-18,45,4364,1,0,0.0,0,0.0,98,,,,0,,,,0,0,0,0,,0,,0,0,0,16,,,,
mohamed-zegue-traore,Mohamed Zegue Traore,GK,marge,2023-06-18,45,4364,2,0,0.0,0,0.0,193,,,,0,,,,0,0,0,0,,0,,0,0,0,16,,,,
koula-sebastien-tou,Koula Sébastien Tou,GK,marge,2023-09-08,44,4266,2,0,0.0,0,0.0,191,,,,0,,,,0,0,0,0,,0,,0,0,0,16,,,,
regis-ndo,Regis Ndo,FW,marge,2024-06-06,33,3191,4,0,0.0,0,0.0,375,,,,0,,,,0,0,0,0,,0,,0,0,0,16,,,,
nampe-salifou-coulibaly,Nampe Salifou Coulibaly,GK,marge,2024-06-10,32,3099,1,0,0.0,0,0.0,92,,,,0,,,,0,0,0,0,,0,,0,0,0,16,,,,
philippe-mare,Philippe Mare,GK,marge,2024-10-13,28,2714,3,0,0.0,0,0.0,288,,,,0,,,,0,0,0,0,,0,,0,0,0,16,,,,
ridouanou-maiga,Ridouanou Maiga,MF,marge,2024-11-14,27,2616,3,0,0.0,0,0.0,286,,,,0,,,,0,0,0,0,,0,,0,0,0,16,,,,
aboubacar-sidiki-traore,Aboubacar Sidiki Traore,MF,marge,2025-01-09,25,2425,1,0,0.0,0,0.0,95,,,,0,,,,0,0,0,0,,0,,0,0,0,16,,,,
adolphe-belem,Adolphe Belem,FW,marge,2025-01-09,25,2425,1,0,0.0,0,0.0,95,,,,0,,,,0,0,0,0,,0,,0,0,0,16,,,,
alla-franck-alain-kante,Alla Franck Alain Kanté,MF,marge,2025-01-09,25,2425,1,0,0.0,0,0.0,95,,,,0,,,,0,0,0,0,,0,,0,0,0,16,,,,
amadou-kone,Amadou Koné,,marge,2025-01-09,25,2425,1,0,0.0,0,0.0,95,,,,0,,,,0,0,0,0,,0,,0,0,0,16,,,,
cheick-guel,Cheick Guel,,marge,2025-01-09,25,2425,1,0,0.0,0,0.0,95,,,,0,,,,0,0,0,0,,0,,0,0,0,16,,,,
honore-ye,Honoré Ye,FW,marge,2025-01-09,25,2425,1,0,0.0,0,0.0,95,,,,0,,,,0,0,0,0,,0,,0,0,0,16,,,,
issouf-sosso,Issouf Sosso,DF,marge,2025-01-09,25,2425,1,0,0.0,0,0.0,95,,,,0,,,,0,0,0,0,,0,,0,0,0,16,,,,
souleymane-massa-ouattara,Souleymane Massa Ouattara,DF,marge,2025-01-09,25,2425,1,0,0.0,0,0.0,95,,,,0,,,,0,0,0,0,,0,,0,0,0,16,,,,
hassane-traore,Hassane Traoré,DF,marge,2025-06-02,22,2140,1,0,0.0,0,0.0,94,,,,0,,,,0,0,0,0,,0,,0,0,0,16,,,,
ismaelo-ganiou,Ismaëlo Ganiou,DF,marge,2025-06-02,22,2140,1,0,0.0,0,0.0,94,,,,0,,,,0,0,0,0,,0,,0,0,0,16,,,,
enock-belem,Enock Belem,DF,marge,2025-08-13,18,1749,2,0,0.0,0,0.0,205,,,,0,,,,0,0,0,0,,0,,0,0,0,16,,,,
mathieu-konvelbo,Mathieu Konvelbo,GK,marge,2025-08-13,18,1749,2,0,0.0,0,0.0,205,,,,0,,,,0,0,0,0,,0,,0,0,0,16,,,,
faycal-konate,Fayçal Konaté,FW,marge,2025-09-05,16,1544,1,0,0.0,0,0.0,95,,,,0,,,,0,0,0,0,,0,,0,0,0,16,,,,
rachide-gnanou,Rachide Gnanou,DF,,2026-06-09,3,294,1,0,0.0,0,0.0,95,,,,0,,,,0,0,0,0,,0,,0,0,0,,,,,
julien-eymard-bationo,Julien Eymard Bationo,MF,,2026-09-22,2,199,2,0,0.0,0,0.0,199,,,,0,,,,0,0,0,0,,0,,0,0,0,,,,,
ismael-maiga,Ismael Maïga,DF,,2026-09-22,2,199,1,0,0.0,0,0.0,99,,,,0,,,,0,0,0,0,,0,,0,0,0,,,,,
