metric,scope,n,value,detail
deficit,trailed_1,15,1.0,4W-3D-8L
deficit,trailed_2plus,14,0.07,0W-1D-13L
deficit,never_trailed,37,2.41,26W-11D-0L
reply,within_10,8,10.1,8 of 79 goals conceded
reply,11_20,5,6.3,5 of 79 goals conceded
reply,21_plus,11,13.9,11 of 79 goals conceded
reply,never,55,69.6,55 of 79 goals conceded
reply,median_minutes,24,20.0,
scored_per90,leading,36,1.78,36 goals in 1824 min
conceded_per90,leading,25,1.23,25 goals in 1824 min
scored_per90,level,45,1.32,45 goals in 3065 min
conceded_per90,level,32,0.94,32 goals in 3065 min
scored_per90,trailing,15,0.88,15 goals in 1535 min
conceded_per90,trailing,22,1.29,22 goals in 1535 min
late_swing,points_gained,8,8,matches improved by goals after 75'
late_swing,points_lost,6,6,matches worsened by goals after 75'
