scope,scope_value,side,matches,axis,value,n,coverage_pct
overall,all,bf,35,possession,49.7,35,100.0
overall,all,bf,35,pass_accuracy,79.8,35,100.0
overall,all,bf,35,passes_per_match,371.9,35,100.0
overall,all,bf,35,long_ball_share,15.1,35,100.0
overall,all,bf,35,long_ball_accuracy,48.3,35,100.0
overall,all,bf,35,shots_per_match,12.1,35,100.0
overall,all,bf,35,shots_on_target_share,32.7,35,100.0
overall,all,bf,35,shots_inside_box_share,60.2,35,100.0
overall,all,bf,35,big_chances_per_match,2.3,35,100.0
overall,all,bf,35,crosses_per_match,16.3,35,100.0
overall,all,bf,35,dribbles_per_match,15.9,35,100.0
overall,all,bf,35,dribble_success,50.8,35,100.0
overall,all,bf,35,aerial_win,52.5,35,100.0
overall,all,bf,35,ground_duel_win,49.7,35,100.0
overall,all,bf,35,tackles_per_match,14.7,35,100.0
overall,all,bf,35,interceptions_per_match,7.9,35,100.0
overall,all,bf,35,clearances_per_match,14.7,35,100.0
overall,all,bf,35,corners_per_match,4.9,35,100.0
overall,all,bf,35,fouls_per_match,16.6,35,100.0
overall,all,opp,35,possession,50.3,35,100.0
overall,all,opp,35,pass_accuracy,80.2,35,100.0
overall,all,opp,35,passes_per_match,374.7,35,100.0
overall,all,opp,35,long_ball_share,16.4,35,100.0
overall,all,opp,35,long_ball_accuracy,45.3,35,100.0
overall,all,opp,35,shots_per_match,11.7,35,100.0
overall,all,opp,35,shots_on_target_share,33.1,35,100.0
overall,all,opp,35,shots_inside_box_share,52.3,35,100.0
overall,all,opp,35,big_chances_per_match,1.9,35,100.0
overall,all,opp,35,crosses_per_match,14.3,35,100.0
overall,all,opp,35,dribbles_per_match,13.3,35,100.0
overall,all,opp,35,dribble_success,49.0,35,100.0
overall,all,opp,35,aerial_win,47.5,35,100.0
overall,all,opp,35,ground_duel_win,50.3,35,100.0
overall,all,opp,35,tackles_per_match,15.5,35,100.0
overall,all,opp,35,interceptions_per_match,8.8,35,100.0
overall,all,opp,35,clearances_per_match,20.0,35,100.0
overall,all,opp,35,corners_per_match,4.1,35,100.0
overall,all,opp,35,fouls_per_match,15.5,35,100.0
opp_elo,mid,bf,11,possession,51.0,11,100.0
opp_elo,mid,bf,11,pass_accuracy,80.6,11,100.0
opp_elo,mid,bf,11,passes_per_match,376.8,11,100.0
opp_elo,mid,bf,11,long_ball_share,12.9,11,100.0
opp_elo,mid,bf,11,long_ball_accuracy,50.2,11,100.0
opp_elo,mid,bf,11,shots_per_match,13.4,11,100.0
opp_elo,mid,bf,11,shots_on_target_share,32.0,11,100.0
opp_elo,mid,bf,11,shots_inside_box_share,61.2,11,100.0
opp_elo,mid,bf,11,big_chances_per_match,2.2,11,100.0
opp_elo,mid,bf,11,crosses_per_match,15.8,11,100.0
opp_elo,mid,bf,11,dribbles_per_match,18.8,11,100.0
opp_elo,mid,bf,11,dribble_success,56.0,11,100.0
opp_elo,mid,bf,11,aerial_win,53.8,11,100.0
opp_elo,mid,bf,11,ground_duel_win,49.9,11,100.0
opp_elo,mid,bf,11,tackles_per_match,15.9,11,100.0
opp_elo,mid,bf,11,interceptions_per_match,9.1,11,100.0
opp_elo,mid,bf,11,clearances_per_match,13.8,11,100.0
opp_elo,mid,bf,11,corners_per_match,5.2,11,100.0
opp_elo,mid,bf,11,fouls_per_match,18.5,11,100.0
opp_elo,mid,opp,11,possession,49.0,11,100.0
opp_elo,mid,opp,11,pass_accuracy,78.5,11,100.0
opp_elo,mid,opp,11,passes_per_match,361.0,11,100.0
opp_elo,mid,opp,11,long_ball_share,17.0,11,100.0
opp_elo,mid,opp,11,long_ball_accuracy,43.9,11,100.0
opp_elo,mid,opp,11,shots_per_match,9.2,11,100.0
opp_elo,mid,opp,11,shots_on_target_share,29.7,11,100.0
opp_elo,mid,opp,11,shots_inside_box_share,46.5,11,100.0
opp_elo,mid,opp,11,big_chances_per_match,1.2,11,100.0
opp_elo,mid,opp,11,crosses_per_match,15.2,11,100.0
opp_elo,mid,opp,11,dribbles_per_match,16.9,11,100.0
opp_elo,mid,opp,11,dribble_success,51.6,11,100.0
opp_elo,mid,opp,11,aerial_win,46.2,11,100.0
opp_elo,mid,opp,11,ground_duel_win,50.1,11,100.0
opp_elo,mid,opp,11,tackles_per_match,15.5,11,100.0
opp_elo,mid,opp,11,interceptions_per_match,9.0,11,100.0
opp_elo,mid,opp,11,clearances_per_match,18.8,11,100.0
opp_elo,mid,opp,11,corners_per_match,4.3,11,100.0
opp_elo,mid,opp,11,fouls_per_match,15.3,11,100.0
opp_elo,strong,bf,9,possession,42.2,9,100.0
opp_elo,strong,bf,9,pass_accuracy,78.2,9,100.0
opp_elo,strong,bf,9,passes_per_match,315.4,9,100.0
opp_elo,strong,bf,9,long_ball_share,17.8,9,100.0
opp_elo,strong,bf,9,long_ball_accuracy,44.3,9,100.0
opp_elo,strong,bf,9,shots_per_match,9.8,9,100.0
opp_elo,strong,bf,9,shots_on_target_share,31.8,9,100.0
opp_elo,strong,bf,9,shots_inside_box_share,58.0,9,100.0
opp_elo,strong,bf,9,big_chances_per_match,2.1,9,100.0
opp_elo,strong,bf,9,crosses_per_match,12.4,9,100.0
opp_elo,strong,bf,9,dribbles_per_match,11.8,9,100.0
opp_elo,strong,bf,9,dribble_success,47.2,9,100.0
opp_elo,strong,bf,9,aerial_win,43.3,9,100.0
opp_elo,strong,bf,9,ground_duel_win,49.6,9,100.0
opp_elo,strong,bf,9,tackles_per_match,15.4,9,100.0
opp_elo,strong,bf,9,interceptions_per_match,7.3,9,100.0
opp_elo,strong,bf,9,recoveries_per_match,44.4,7,77.8
opp_elo,strong,bf,9,clearances_per_match,15.7,9,100.0
opp_elo,strong,bf,9,corners_per_match,4.0,9,100.0
opp_elo,strong,bf,9,fouls_per_match,16.1,9,100.0
opp_elo,strong,opp,9,possession,57.8,9,100.0
opp_elo,strong,opp,9,pass_accuracy,85.8,9,100.0
opp_elo,strong,opp,9,passes_per_match,430.7,9,100.0
opp_elo,strong,opp,9,long_ball_share,11.9,9,100.0
opp_elo,strong,opp,9,long_ball_accuracy,54.2,9,100.0
opp_elo,strong,opp,9,shots_per_match,15.6,9,100.0
opp_elo,strong,opp,9,shots_on_target_share,31.4,9,100.0
opp_elo,strong,opp,9,shots_inside_box_share,68.6,9,100.0
opp_elo,strong,opp,9,big_chances_per_match,3.3,9,100.0
opp_elo,strong,opp,9,crosses_per_match,15.4,9,100.0
opp_elo,strong,opp,9,dribbles_per_match,13.4,9,100.0
opp_elo,strong,opp,9,dribble_success,47.9,9,100.0
opp_elo,strong,opp,9,aerial_win,56.7,9,100.0
opp_elo,strong,opp,9,ground_duel_win,50.4,9,100.0
opp_elo,strong,opp,9,tackles_per_match,15.1,9,100.0
opp_elo,strong,opp,9,interceptions_per_match,7.4,9,100.0
opp_elo,strong,opp,9,recoveries_per_match,49.6,7,77.8
opp_elo,strong,opp,9,clearances_per_match,18.0,9,100.0
opp_elo,strong,opp,9,corners_per_match,4.0,9,100.0
opp_elo,strong,opp,9,fouls_per_match,16.7,9,100.0
opp_elo,weak,bf,9,possession,56.0,9,100.0
opp_elo,weak,bf,9,pass_accuracy,82.2,9,100.0
opp_elo,weak,bf,9,passes_per_match,445.3,9,100.0
opp_elo,weak,bf,9,long_ball_share,13.0,9,100.0
opp_elo,weak,bf,9,long_ball_accuracy,51.1,9,100.0
opp_elo,weak,bf,9,shots_per_match,11.8,9,100.0
opp_elo,weak,bf,9,shots_on_target_share,36.8,9,100.0
opp_elo,weak,bf,9,shots_inside_box_share,64.2,9,100.0
opp_elo,weak,bf,9,big_chances_per_match,2.6,9,100.0
opp_elo,weak,bf,9,crosses_per_match,18.3,9,100.0
opp_elo,weak,bf,9,dribbles_per_match,17.2,9,100.0
opp_elo,weak,bf,9,dribble_success,49.0,9,100.0
opp_elo,weak,bf,9,aerial_win,55.9,9,100.0
opp_elo,weak,bf,9,ground_duel_win,49.0,9,100.0
opp_elo,weak,bf,9,tackles_per_match,12.9,9,100.0
opp_elo,weak,bf,9,interceptions_per_match,6.8,9,100.0
opp_elo,weak,bf,9,clearances_per_match,12.6,9,100.0
opp_elo,weak,bf,9,corners_per_match,5.3,9,100.0
opp_elo,weak,bf,9,fouls_per_match,14.1,9,100.0
opp_elo,weak,opp,9,possession,44.0,9,100.0
opp_elo,weak,opp,9,pass_accuracy,77.7,9,100.0
opp_elo,weak,opp,9,passes_per_match,348.1,9,100.0
opp_elo,weak,opp,9,long_ball_share,19.0,9,100.0
opp_elo,weak,opp,9,long_ball_accuracy,39.2,9,100.0
opp_elo,weak,opp,9,shots_per_match,11.9,9,100.0
opp_elo,weak,opp,9,shots_on_target_share,34.6,9,100.0
opp_elo,weak,opp,9,shots_inside_box_share,38.3,9,100.0
opp_elo,weak,opp,9,big_chances_per_match,1.3,9,100.0
opp_elo,weak,opp,9,crosses_per_match,12.3,9,100.0
opp_elo,weak,opp,9,dribbles_per_match,11.1,9,100.0
opp_elo,weak,opp,9,dribble_success,46.0,9,100.0
opp_elo,weak,opp,9,aerial_win,44.1,9,100.0
opp_elo,weak,opp,9,ground_duel_win,51.0,9,100.0
opp_elo,weak,opp,9,tackles_per_match,17.1,9,100.0
opp_elo,weak,opp,9,interceptions_per_match,9.2,9,100.0
opp_elo,weak,opp,9,clearances_per_match,18.9,9,100.0
opp_elo,weak,opp,9,corners_per_match,3.8,9,100.0
opp_elo,weak,opp,9,fouls_per_match,13.6,9,100.0
formation,4-2-3-1,bf,15,possession,49.5,15,100.0
formation,4-2-3-1,bf,15,pass_accuracy,79.4,15,100.0
formation,4-2-3-1,bf,15,passes_per_match,371.5,15,100.0
formation,4-2-3-1,bf,15,long_ball_share,14.8,15,100.0
formation,4-2-3-1,bf,15,long_ball_accuracy,49.1,15,100.0
formation,4-2-3-1,bf,15,shots_per_match,12.1,15,100.0
formation,4-2-3-1,bf,15,shots_on_target_share,34.3,15,100.0
formation,4-2-3-1,bf,15,shots_inside_box_share,60.2,15,100.0
formation,4-2-3-1,bf,15,big_chances_per_match,2.3,15,100.0
formation,4-2-3-1,bf,15,crosses_per_match,15.1,15,100.0
formation,4-2-3-1,bf,15,dribbles_per_match,17.2,15,100.0
formation,4-2-3-1,bf,15,dribble_success,52.7,15,100.0
formation,4-2-3-1,bf,15,aerial_win,53.8,15,100.0
formation,4-2-3-1,bf,15,ground_duel_win,50.5,15,100.0
formation,4-2-3-1,bf,15,tackles_per_match,17.0,15,100.0
formation,4-2-3-1,bf,15,interceptions_per_match,8.8,15,100.0
formation,4-2-3-1,bf,15,clearances_per_match,14.2,15,100.0
formation,4-2-3-1,bf,15,corners_per_match,5.1,15,100.0
formation,4-2-3-1,bf,15,fouls_per_match,16.9,15,100.0
formation,4-2-3-1,opp,15,possession,50.5,15,100.0
formation,4-2-3-1,opp,15,pass_accuracy,79.5,15,100.0
formation,4-2-3-1,opp,15,passes_per_match,368.7,15,100.0
formation,4-2-3-1,opp,15,long_ball_share,17.1,15,100.0
formation,4-2-3-1,opp,15,long_ball_accuracy,45.4,15,100.0
formation,4-2-3-1,opp,15,shots_per_match,11.1,15,100.0
formation,4-2-3-1,opp,15,shots_on_target_share,33.7,15,100.0
formation,4-2-3-1,opp,15,shots_inside_box_share,55.4,15,100.0
formation,4-2-3-1,opp,15,big_chances_per_match,1.9,15,100.0
formation,4-2-3-1,opp,15,crosses_per_match,15.3,15,100.0
formation,4-2-3-1,opp,15,dribbles_per_match,16.5,15,100.0
formation,4-2-3-1,opp,15,dribble_success,48.0,15,100.0
formation,4-2-3-1,opp,15,aerial_win,46.2,15,100.0
formation,4-2-3-1,opp,15,ground_duel_win,49.5,15,100.0
formation,4-2-3-1,opp,15,tackles_per_match,15.7,15,100.0
formation,4-2-3-1,opp,15,interceptions_per_match,9.3,15,100.0
formation,4-2-3-1,opp,15,clearances_per_match,20.6,15,100.0
formation,4-2-3-1,opp,15,corners_per_match,4.9,15,100.0
formation,4-2-3-1,opp,15,fouls_per_match,14.8,15,100.0
formation,4-3-3,bf,10,possession,54.7,10,100.0
formation,4-3-3,bf,10,pass_accuracy,82.9,10,100.0
formation,4-3-3,bf,10,passes_per_match,418.4,10,100.0
formation,4-3-3,bf,10,long_ball_share,13.2,10,100.0
formation,4-3-3,bf,10,long_ball_accuracy,51.1,10,100.0
formation,4-3-3,bf,10,shots_per_match,12.6,10,100.0
formation,4-3-3,bf,10,shots_on_target_share,34.1,10,100.0
formation,4-3-3,bf,10,shots_inside_box_share,65.1,10,100.0
formation,4-3-3,bf,10,big_chances_per_match,2.9,10,100.0
formation,4-3-3,bf,10,crosses_per_match,17.8,10,100.0
formation,4-3-3,bf,10,dribbles_per_match,14.6,10,100.0
formation,4-3-3,bf,10,dribble_success,58.2,10,100.0
formation,4-3-3,bf,10,aerial_win,53.6,10,100.0
formation,4-3-3,bf,10,ground_duel_win,51.4,10,100.0
formation,4-3-3,bf,10,tackles_per_match,13.9,10,100.0
formation,4-3-3,bf,10,interceptions_per_match,6.0,10,100.0
formation,4-3-3,bf,10,clearances_per_match,12.7,10,100.0
formation,4-3-3,bf,10,corners_per_match,5.3,10,100.0
formation,4-3-3,bf,10,fouls_per_match,15.1,10,100.0
formation,4-3-3,opp,10,possession,45.3,10,100.0
formation,4-3-3,opp,10,pass_accuracy,80.2,10,100.0
formation,4-3-3,opp,10,passes_per_match,351.1,10,100.0
formation,4-3-3,opp,10,long_ball_share,15.9,10,100.0
formation,4-3-3,opp,10,long_ball_accuracy,42.6,10,100.0
formation,4-3-3,opp,10,shots_per_match,11.5,10,100.0
formation,4-3-3,opp,10,shots_on_target_share,32.2,10,100.0
formation,4-3-3,opp,10,shots_inside_box_share,45.2,10,100.0
formation,4-3-3,opp,10,big_chances_per_match,1.7,10,100.0
formation,4-3-3,opp,10,crosses_per_match,12.8,10,100.0
formation,4-3-3,opp,10,dribbles_per_match,11.6,10,100.0
formation,4-3-3,opp,10,dribble_success,46.6,10,100.0
formation,4-3-3,opp,10,aerial_win,46.4,10,100.0
formation,4-3-3,opp,10,ground_duel_win,48.6,10,100.0
formation,4-3-3,opp,10,tackles_per_match,15.6,10,100.0
formation,4-3-3,opp,10,interceptions_per_match,8.4,10,100.0
formation,4-3-3,opp,10,clearances_per_match,18.9,10,100.0
formation,4-3-3,opp,10,corners_per_match,2.7,10,100.0
formation,4-3-3,opp,10,fouls_per_match,16.2,10,100.0
year,2022,bf,9,possession,46.2,9,100.0
year,2022,bf,9,pass_accuracy,78.6,9,100.0
year,2022,bf,9,passes_per_match,351.2,9,100.0
year,2022,bf,9,long_ball_share,15.8,9,100.0
year,2022,bf,9,long_ball_accuracy,46.7,9,100.0
year,2022,bf,9,shots_per_match,11.0,9,100.0
year,2022,bf,9,shots_on_target_share,37.4,9,100.0
year,2022,bf,9,shots_inside_box_share,57.6,9,100.0
year,2022,bf,9,big_chances_per_match,2.0,9,100.0
year,2022,bf,9,crosses_per_match,13.7,9,100.0
year,2022,bf,9,dribbles_per_match,18.4,9,100.0
year,2022,bf,9,dribble_success,57.2,9,100.0
year,2022,bf,9,aerial_win,51.1,9,100.0
year,2022,bf,9,ground_duel_win,51.0,9,100.0
year,2022,bf,9,tackles_per_match,16.7,9,100.0
year,2022,bf,9,interceptions_per_match,9.6,9,100.0
year,2022,bf,9,clearances_per_match,15.3,9,100.0
year,2022,bf,9,corners_per_match,4.7,9,100.0
year,2022,bf,9,fouls_per_match,18.2,9,100.0
year,2022,opp,9,possession,53.8,9,100.0
year,2022,opp,9,pass_accuracy,81.6,9,100.0
year,2022,opp,9,passes_per_match,401.1,9,100.0
year,2022,opp,9,long_ball_share,14.7,9,100.0
year,2022,opp,9,long_ball_accuracy,49.0,9,100.0
year,2022,opp,9,shots_per_match,13.4,9,100.0
year,2022,opp,9,shots_on_target_share,29.8,9,100.0
year,2022,opp,9,shots_inside_box_share,49.6,9,100.0
year,2022,opp,9,big_chances_per_match,2.0,9,100.0
year,2022,opp,9,crosses_per_match,19.8,9,100.0
year,2022,opp,9,dribbles_per_match,17.9,9,100.0
year,2022,opp,9,dribble_success,47.2,9,100.0
year,2022,opp,9,aerial_win,48.9,9,100.0
year,2022,opp,9,ground_duel_win,49.0,9,100.0
year,2022,opp,9,tackles_per_match,15.8,9,100.0
year,2022,opp,9,interceptions_per_match,8.4,9,100.0
year,2022,opp,9,clearances_per_match,12.7,9,100.0
year,2022,opp,9,corners_per_match,5.8,9,100.0
year,2022,opp,9,fouls_per_match,16.2,9,100.0
year,2024,bf,10,possession,49.1,10,100.0
year,2024,bf,10,pass_accuracy,79.7,10,100.0
year,2024,bf,10,passes_per_match,355.6,10,100.0
year,2024,bf,10,long_ball_share,14.8,10,100.0
year,2024,bf,10,long_ball_accuracy,46.0,10,100.0
year,2024,bf,10,shots_per_match,12.2,10,100.0
year,2024,bf,10,shots_on_target_share,39.3,10,100.0
year,2024,bf,10,shots_inside_box_share,65.6,10,100.0
year,2024,bf,10,big_chances_per_match,2.9,10,100.0
year,2024,bf,10,crosses_per_match,17.7,10,100.0
year,2024,bf,10,dribbles_per_match,13.3,10,100.0
year,2024,bf,10,dribble_success,48.9,10,100.0
year,2024,bf,10,aerial_win,50.2,10,100.0
year,2024,bf,10,ground_duel_win,49.5,10,100.0
year,2024,bf,10,tackles_per_match,15.6,10,100.0
year,2024,bf,10,interceptions_per_match,6.3,10,100.0
year,2024,bf,10,recoveries_per_match,48.5,10,100.0
year,2024,bf,10,clearances_per_match,12.6,10,100.0
year,2024,bf,10,corners_per_match,5.1,10,100.0
year,2024,bf,10,fouls_per_match,14.8,10,100.0
year,2024,opp,10,possession,50.9,10,100.0
year,2024,opp,10,pass_accuracy,80.0,10,100.0
year,2024,opp,10,passes_per_match,371.1,10,100.0
year,2024,opp,10,long_ball_share,16.9,10,100.0
year,2024,opp,10,long_ball_accuracy,41.2,10,100.0
year,2024,opp,10,shots_per_match,11.9,10,100.0
year,2024,opp,10,shots_on_target_share,35.3,10,100.0
year,2024,opp,10,shots_inside_box_share,50.4,10,100.0
year,2024,opp,10,big_chances_per_match,1.7,10,100.0
year,2024,opp,10,crosses_per_match,11.1,10,100.0
year,2024,opp,10,dribbles_per_match,13.6,10,100.0
year,2024,opp,10,dribble_success,44.1,10,100.0
year,2024,opp,10,aerial_win,49.8,10,100.0
year,2024,opp,10,ground_duel_win,50.4,10,100.0
year,2024,opp,10,tackles_per_match,16.6,10,100.0
year,2024,opp,10,interceptions_per_match,8.2,10,100.0
year,2024,opp,10,recoveries_per_match,48.9,10,100.0
year,2024,opp,10,clearances_per_match,20.4,10,100.0
year,2024,opp,10,corners_per_match,2.9,10,100.0
year,2024,opp,10,fouls_per_match,15.1,10,100.0
year,2025,bf,8,possession,50.2,8,100.0
year,2025,bf,8,pass_accuracy,78.0,8,100.0
year,2025,bf,8,passes_per_match,361.5,8,100.0
year,2025,bf,8,long_ball_share,16.2,8,100.0
year,2025,bf,8,long_ball_accuracy,48.3,8,100.0
year,2025,bf,8,shots_per_match,14.4,8,100.0
year,2025,bf,8,shots_on_target_share,27.8,8,100.0
year,2025,bf,8,shots_inside_box_share,60.9,8,100.0
year,2025,bf,8,big_chances_per_match,2.9,8,100.0
year,2025,bf,8,crosses_per_match,17.1,8,100.0
year,2025,bf,8,dribbles_per_match,16.0,8,100.0
year,2025,bf,8,dribble_success,51.6,8,100.0
year,2025,bf,8,aerial_win,57.6,8,100.0
year,2025,bf,8,ground_duel_win,51.0,8,100.0
year,2025,bf,8,tackles_per_match,14.4,8,100.0
year,2025,bf,8,interceptions_per_match,8.1,8,100.0
year,2025,bf,8,recoveries_per_match,46.4,8,100.0
year,2025,bf,8,clearances_per_match,13.9,8,100.0
year,2025,bf,8,corners_per_match,5.0,8,100.0
year,2025,bf,8,fouls_per_match,17.0,8,100.0
year,2025,opp,8,possession,49.8,8,100.0
year,2025,opp,8,pass_accuracy,78.1,8,100.0
year,2025,opp,8,passes_per_match,363.1,8,100.0
year,2025,opp,8,long_ball_share,17.5,8,100.0
year,2025,opp,8,long_ball_accuracy,44.0,8,100.0
year,2025,opp,8,shots_per_match,9.6,8,100.0
year,2025,opp,8,shots_on_target_share,36.4,8,100.0
year,2025,opp,8,shots_inside_box_share,51.9,8,100.0
year,2025,opp,8,big_chances_per_match,2.1,8,100.0
year,2025,opp,8,crosses_per_match,12.2,8,100.0
year,2025,opp,8,dribbles_per_match,10.9,8,100.0
year,2025,opp,8,dribble_success,51.7,8,100.0
year,2025,opp,8,aerial_win,42.4,8,100.0
year,2025,opp,8,ground_duel_win,49.0,8,100.0
year,2025,opp,8,tackles_per_match,13.5,8,100.0
year,2025,opp,8,interceptions_per_match,10.5,8,100.0
year,2025,opp,8,recoveries_per_match,48.4,8,100.0
year,2025,opp,8,clearances_per_match,22.0,8,100.0
year,2025,opp,8,corners_per_match,3.2,8,100.0
year,2025,opp,8,fouls_per_match,14.6,8,100.0
