event_id,date,period,side,opponent,venue,result,gf,ga,big_chances,big_chances_missed,big_chances_scored,clearances,corners,dispossessed,errors_lead_to_shot,final_third_entries,fouled_final_third,fouls,goal_kicks,interceptions,passes,passes_accurate,recoveries,saves,shots,shots_blocked,shots_inside_box,shots_off_target,shots_on_target,shots_outside_box,tackles,throw_ins,touches_opp_box,yellow_cards,duels_won_pct,possession_pct,tackles_won_pct,aerial_duels,crosses,dribbles,final_third_phase,ground_duels,long_balls,aerial_duels_att,crosses_att,dribbles_att,final_third_phase_att,ground_duels_att,long_balls_att
9786529,2022-01-09,1ST,bf,Cameroon,A,L,1,2,2,1,1,8,1,6,,18,0,,4,8,124,99,,0,4,0,2,2,2,2,8,7,,2,40.0,34.0,63.0,2,3,3,,18,7,5,5,7,,45,16
9786529,2022-01-09,1ST,opp,Cameroon,A,L,1,2,2,0,2,4,3,2,,28,4,,2,3,233,207,,0,5,0,2,3,2,3,10,13,,1,60.0,66.0,40.0,3,0,8,,27,16,5,14,14,,45,22
9786529,2022-01-09,2ND,bf,Cameroon,A,L,1,2,0,0,0,4,4,4,,29,2,,5,6,148,117,,2,7,3,2,0,4,5,13,16,,0,49.0,47.0,62.0,5,0,7,,28,10,10,8,12,,57,27
9786529,2022-01-09,2ND,opp,Cameroon,A,L,1,2,0,0,0,9,3,3,,29,1,,1,2,169,132,,4,9,3,6,4,2,3,9,8,,0,51.0,53.0,78.0,5,2,10,,29,15,10,7,20,,57,35
9786529,2022-01-09,ALL,bf,Cameroon,A,L,1,2,2,1,1,12,5,10,,47,2,21,9,14,272,216,,2,11,3,4,2,6,7,21,23,,2,45.0,40.0,62.0,7,3,10,,46,17,15,13,19,,102,43
9786529,2022-01-09,ALL,opp,Cameroon,A,L,1,2,2,0,2,13,6,5,,57,5,15,3,5,402,339,,4,14,3,8,7,4,6,19,21,,1,55.0,60.0,58.0,8,2,18,,56,31,15,21,34,,102,57
9737692,2022-01-13,1ST,bf,Cabo Verde,A,W,1,0,2,1,1,1,3,0,,23,2,,3,7,182,140,,1,5,1,3,0,4,2,4,9,,0,52.0,48.0,50.0,9,2,7,,17,9,19,6,11,,31,20
9737692,2022-01-13,1ST,opp,Cabo Verde,A,W,1,0,1,1,0,9,2,2,,23,3,,2,6,194,152,,3,2,0,1,1,1,1,4,8,,1,48.0,52.0,0.0,10,0,2,,14,27,19,4,4,,31,40
9737692,2022-01-13,2ND,bf,Cabo Verde,A,W,1,0,0,0,0,6,3,1,,24,0,,3,6,176,136,,1,6,3,6,3,0,0,7,16,,1,52.0,41.0,43.0,3,4,7,,24,17,8,6,12,,44,29
9737692,2022-01-13,2ND,opp,Cabo Verde,A,W,1,0,1,1,0,5,2,1,,24,0,,2,7,258,216,,0,5,1,3,3,1,2,6,6,,1,48.0,59.0,67.0,5,2,6,,20,24,8,6,12,,44,37
9737692,2022-01-13,ALL,bf,Cabo Verde,A,W,1,0,2,1,1,7,6,1,,47,2,19,6,13,358,276,,2,11,4,9,3,4,2,11,25,,1,52.0,44.0,45.0,12,6,14,,41,26,27,12,23,,75,49
9737692,2022-01-13,ALL,opp,Cabo Verde,A,W,1,0,2,2,0,14,4,3,,47,3,16,4,13,452,368,,3,7,1,4,4,2,3,10,14,,2,48.0,56.0,40.0,15,2,8,,34,51,27,10,16,,75,77
9737943,2022-01-17,1ST,bf,Ethiopia,H,D,1,1,2,1,1,3,2,2,,30,0,,4,6,205,160,,4,4,0,3,2,2,1,11,14,,0,62.0,41.0,45.0,2,0,8,,22,9,6,8,11,,33,24
9737943,2022-01-17,1ST,opp,Ethiopia,H,D,1,1,1,1,0,8,3,8,,32,2,,4,9,307,263,,1,5,1,3,0,4,2,5,9,,1,38.0,59.0,40.0,4,0,0,,11,17,6,2,3,,33,32
9737943,2022-01-17,2ND,bf,Ethiopia,H,D,1,1,0,0,0,3,3,3,,38,1,,4,3,182,133,,1,2,0,1,2,0,1,8,10,,0,65.0,48.0,63.0,7,1,9,,28,14,7,7,16,,47,34
9737943,2022-01-17,2ND,opp,Ethiopia,H,D,1,1,2,1,1,7,3,3,,31,3,,9,8,195,144,,0,6,2,2,2,2,4,10,10,,1,35.0,52.0,50.0,0,1,3,,19,10,7,7,8,,47,34
9737943,2022-01-17,ALL,bf,Ethiopia,H,D,1,1,2,1,1,6,5,5,,68,1,14,8,9,387,293,,5,6,0,4,4,2,2,19,24,,0,63.0,44.0,53.0,9,1,17,,50,23,13,15,27,,80,58
9737943,2022-01-17,ALL,opp,Ethiopia,H,D,1,1,3,2,1,15,6,11,,63,5,14,13,17,502,407,,1,11,3,5,2,6,6,15,19,,2,37.0,56.0,47.0,4,1,3,,30,27,13,9,11,,80,66
10054216,2022-01-23,1ST,bf,Gabon,H,D,1,1,2,1,1,13,1,3,,23,2,,1,10,116,76,,2,3,0,1,2,1,2,15,10,,2,62.0,39.0,73.0,6,0,3,,27,3,9,2,6,,44,22
10054216,2022-01-23,1ST,opp,Gabon,H,D,1,1,0,0,0,2,6,3,,26,1,,2,3,163,131,,0,7,2,2,3,2,5,6,11,,3,38.0,61.0,67.0,3,1,4,,17,11,9,16,16,,44,23
10054216,2022-01-23,2ND,bf,Gabon,H,D,1,1,2,2,0,5,3,6,,28,4,,3,7,129,96,,1,8,2,5,3,3,3,8,9,,3,46.0,48.0,63.0,7,2,5,,24,16,14,6,7,,53,31
10054216,2022-01-23,2ND,opp,Gabon,H,D,1,1,0,0,0,2,4,1,,26,2,,7,4,136,102,,3,8,3,4,4,1,4,8,13,,4,54.0,52.0,50.0,7,4,12,,29,14,14,13,19,,53,29
10054216,2022-01-23,ALL,bf,Gabon,H,D,1,1,5,4,1,20,5,11,,80,6,31,8,18,364,268,,3,16,4,10,5,7,6,28,22,,6,53.0,48.0,57.0,19,5,11,,67,39,31,14,20,,131,81
10054216,2022-01-23,ALL,opp,Gabon,H,D,1,1,0,0,0,8,10,5,,72,4,29,10,10,381,296,,6,18,5,6,10,3,12,20,30,,9,47.0,52.0,55.0,12,5,17,,64,36,31,32,40,,131,74
10054216,2022-01-23,ET1,bf,Gabon,H,D,1,1,0,0,0,1,0,1,,14,0,,3,0,59,49,,0,1,0,1,0,1,0,5,1,,1,61.0,59.0,0.0,4,1,2,,13,10,4,2,4,,24,14
10054216,2022-01-23,ET1,opp,Gabon,H,D,1,1,0,0,0,1,0,1,,10,0,,1,3,42,35,,1,2,0,0,2,0,2,3,1,,1,39.0,41.0,33.0,0,0,1,,11,4,4,1,5,,24,9
10054216,2022-01-23,ET2,bf,Gabon,H,D,1,1,1,1,0,1,1,1,,15,0,,1,1,60,47,,0,4,2,3,0,2,1,0,2,,0,36.0,60.0,0.0,2,2,1,,3,10,4,4,3,,10,14
10054216,2022-01-23,ET2,opp,Gabon,H,D,1,1,0,0,0,3,0,0,,10,1,,0,0,40,28,,2,1,0,0,1,0,1,3,5,,0,64.0,40.0,67.0,2,0,0,,7,7,4,2,0,,10,13
10083099,2022-01-29,1ST,bf,Tunisia,H,W,1,0,0,0,,10,3,5,,33,3,,2,9,167,130,,2,8,3,5,1,4,3,10,10,,1,53.0,47.0,50.0,4,1,5,,22,14,11,11,8,,38,29
10083099,2022-01-29,1ST,opp,Tunisia,H,W,1,0,0,0,,6,4,5,,16,3,,5,3,192,157,,3,5,1,2,2,2,3,8,8,,0,47.0,53.0,50.0,7,1,3,,16,5,11,10,8,,38,11
10083099,2022-01-29,2ND,bf,Tunisia,H,W,1,0,1,1,,17,2,2,,20,0,,4,1,95,63,,1,2,1,1,0,1,1,9,7,,3,52.0,30.0,56.0,3,1,5,,21,9,6,3,7,,40,24
10083099,2022-01-29,2ND,opp,Tunisia,H,W,1,0,1,1,,8,6,4,,25,1,,1,3,212,182,,1,5,1,3,3,1,2,4,14,,1,48.0,70.0,50.0,3,4,3,,19,18,6,15,8,,40,25
10083099,2022-01-29,ALL,bf,Tunisia,H,W,1,0,1,1,,27,5,7,,53,3,17,6,10,262,193,,3,10,4,6,1,5,4,19,17,,4,53.0,39.0,53.0,7,2,10,,43,23,17,14,15,,78,53
10083099,2022-01-29,ALL,opp,Tunisia,H,W,1,0,1,1,,14,10,9,,41,4,16,6,6,404,339,,4,10,2,5,5,3,5,12,22,,1,47.0,61.0,50.0,10,5,6,,35,23,17,25,16,,78,36
10083102,2022-02-02,1ST,bf,Senegal,H,L,1,3,1,1,0,7,5,3,,25,0,,6,3,185,149,,3,7,2,3,3,2,4,7,13,,1,39.0,51.0,57.0,2,2,2,,13,20,10,7,2,,28,34
10083102,2022-02-02,1ST,opp,Senegal,H,L,1,3,0,0,0,11,4,5,,17,1,,3,7,175,148,,2,8,2,6,3,3,2,3,6,,0,61.0,49.0,33.0,8,4,3,,15,11,10,13,5,,28,20
10083102,2022-02-02,2ND,bf,Senegal,H,L,1,3,0,0,0,7,2,4,,34,0,,4,3,160,124,,1,3,1,1,1,1,2,8,5,,0,50.0,46.0,38.0,2,1,8,,22,17,9,7,9,,39,34
10083102,2022-02-02,2ND,opp,Senegal,H,L,1,3,4,1,3,10,1,3,,31,3,,5,2,184,161,,0,10,4,6,2,4,4,5,7,,2,50.0,54.0,100.0,7,2,6,,17,15,9,10,11,,39,24
10083102,2022-02-02,ALL,bf,Senegal,H,L,1,3,1,1,0,14,7,7,,59,0,15,10,6,345,273,,4,10,3,4,4,3,6,15,18,,1,45.0,49.0,47.0,4,3,10,,35,37,19,14,11,,67,68
10083102,2022-02-02,ALL,opp,Senegal,H,L,1,3,4,1,3,21,5,8,,48,4,10,8,9,359,309,,2,18,6,12,5,7,6,8,13,,2,55.0,51.0,75.0,15,6,9,,32,26,19,23,16,,67,44
10083104,2022-02-05,1ST,bf,Cameroon,H,D,3,3,1,0,1,8,1,4,,20,0,,2,3,160,131,,1,4,0,2,2,2,2,8,6,,1,51.0,43.0,75.0,6,2,0,,14,16,11,7,1,,28,33
10083104,2022-02-05,1ST,opp,Cameroon,H,D,3,3,0,0,0,4,0,4,,33,2,,3,2,212,190,,1,3,1,3,1,1,0,5,11,,0,49.0,57.0,60.0,5,2,2,,14,14,11,12,6,,28,27
10083104,2022-02-05,2ND,bf,Cameroon,H,D,3,3,1,0,1,13,0,9,,23,2,,6,3,85,53,,2,5,0,3,4,1,2,8,5,,3,45.0,28.0,88.0,9,1,2,,16,9,14,2,3,,41,24
10083104,2022-02-05,2ND,opp,Cameroon,H,D,3,3,5,2,3,2,6,5,,34,2,,4,2,211,179,,0,14,4,11,5,5,3,10,12,,2,55.0,72.0,50.0,5,4,3,,25,11,14,14,6,,41,25
10083104,2022-02-05,ALL,bf,Cameroon,H,D,3,3,2,0,2,21,1,13,,43,2,20,8,6,245,184,,3,9,0,5,6,3,4,16,11,,4,48.0,36.0,81.0,15,3,2,,30,25,25,9,4,,69,57
10083104,2022-02-05,ALL,opp,Cameroon,H,D,3,3,5,2,3,6,6,9,,67,4,14,7,4,423,369,,1,17,5,14,6,6,3,15,23,,2,52.0,64.0,53.0,10,6,5,,39,25,25,26,12,,69,52
10151732,2022-03-24,ALL,bf,Kosovo,A,L,0,5,,,,,9,,,,,10,5,,,,,1,13,1,,7,5,,,14,,3,,52.0,,,,,,,,,,,,,
10151732,2022-03-24,ALL,opp,Kosovo,A,L,0,5,,,,,2,,,,,13,14,,,,,5,12,1,,5,6,,,14,,3,,48.0,,,,,,,,,,,,,
10152235,2022-03-29,ALL,bf,Belgium,A,L,0,3,,,,,4,,,,,7,4,,,,,1,10,4,,1,5,,,20,,3,,35.0,,,,,,,,,,,,,
10152235,2022-03-29,ALL,opp,Belgium,A,L,0,3,,,,,4,,,,,12,1,,,,,5,10,3,,3,4,,,18,,0,,65.0,,,,,,,,,,,,,
10339110,2022-06-03,1ST,bf,Cabo Verde,H,W,2,0,0,,0,2,1,5,,27,1,,2,2,249,226,,1,5,4,3,1,0,2,2,12,,0,50.0,53.0,0.0,2,0,8,,19,11,4,7,17,,38,19
10339110,2022-06-03,1ST,opp,Cabo Verde,H,W,2,0,0,,0,5,1,2,,30,0,,4,2,225,190,,0,3,1,0,1,1,3,14,6,,1,50.0,47.0,79.0,2,1,2,,19,10,4,6,2,,38,30
10339110,2022-06-03,2ND,bf,Cabo Verde,H,W,2,0,2,,2,8,2,4,,26,4,,2,5,176,132,,0,9,3,6,3,3,3,8,13,,2,49.0,44.0,63.0,5,4,7,,22,7,11,9,11,,44,24
10339110,2022-06-03,2ND,opp,Cabo Verde,H,W,2,0,0,,0,1,0,5,,25,3,,5,4,223,178,,1,5,3,2,2,0,3,8,13,,2,51.0,56.0,25.0,6,1,4,,22,10,11,11,7,,44,25
10339110,2022-06-03,ALL,bf,Cabo Verde,H,W,2,0,2,,2,10,3,9,,53,5,13,4,7,425,358,,1,14,7,9,4,3,5,10,25,,2,49.0,49.0,50.0,7,4,15,,41,18,15,16,28,,82,43
10339110,2022-06-03,ALL,opp,Cabo Verde,H,W,2,0,0,,0,6,1,7,,55,3,17,9,6,448,368,,1,8,4,2,3,1,6,22,19,,3,51.0,51.0,59.0,8,2,6,,41,20,15,17,9,,82,55
10339120,2022-06-07,1ST,bf,Eswatini,A,W,3,1,0,,0,8,3,4,,37,2,,6,1,294,251,,1,6,1,2,4,1,4,4,14,,1,52.0,73.0,100.0,5,2,2,,16,14,7,11,7,,33,24
10339120,2022-06-07,1ST,opp,Eswatini,A,W,3,1,0,,0,10,1,2,,28,0,,11,2,109,63,,1,6,0,1,5,1,5,9,9,,2,48.0,27.0,44.0,2,1,3,,17,9,7,5,5,,33,37
10339120,2022-06-07,2ND,bf,Eswatini,A,W,3,1,1,,1,13,2,4,,20,1,,5,2,209,171,,2,6,1,4,2,3,2,7,14,,2,47.0,60.0,57.0,5,2,4,,15,12,7,5,12,,36,25
10339120,2022-06-07,2ND,opp,Eswatini,A,W,3,1,1,,1,7,3,6,,35,4,,6,4,130,89,,0,12,2,3,7,3,9,12,5,,2,53.0,40.0,58.0,2,3,1,,21,12,7,10,2,,36,33
10339120,2022-06-07,ALL,bf,Eswatini,A,W,3,1,1,,1,21,5,8,,57,3,14,11,3,503,422,,3,12,2,6,6,4,6,11,28,,3,49.0,67.0,73.0,10,4,6,,31,26,14,16,19,,69,49
10339120,2022-06-07,ALL,opp,Eswatini,A,W,3,1,1,,1,17,4,8,,63,4,15,17,6,239,152,,1,18,2,4,12,4,14,21,14,,3,51.0,33.0,52.0,4,4,4,,38,21,14,15,7,,69,70
11092139,2023-03-24,1ST,bf,Togo,H,W,1,0,0,0,,12,1,9,,26,1,,4,3,286,253,,1,4,1,2,3,0,2,6,9,,0,41.0,62.0,67.0,3,0,2,,17,29,6,7,6,,43,40
11092139,2023-03-24,1ST,opp,Togo,H,W,1,0,0,0,,7,5,4,,23,1,,6,3,166,139,,0,6,2,3,3,1,3,13,8,,0,59.0,38.0,54.0,3,4,6,,26,15,6,14,8,,43,24
11092139,2023-03-24,2ND,bf,Togo,H,W,1,0,1,1,,10,3,2,,26,3,,2,2,196,157,,1,7,0,5,4,3,2,4,4,,1,50.0,57.0,100.0,7,3,2,,12,20,15,8,3,,23,36
11092139,2023-03-24,2ND,opp,Togo,H,W,1,0,0,0,,4,1,2,,31,1,,5,7,148,115,,1,4,3,2,0,1,2,3,11,,1,50.0,43.0,100.0,8,0,1,,11,12,15,8,3,,23,26
11092139,2023-03-24,ALL,bf,Togo,H,W,1,0,1,1,,22,4,11,,52,4,14,6,5,482,410,,2,11,1,7,7,3,4,10,13,,1,45.0,60.0,80.0,10,3,4,,29,49,21,15,9,,66,76
11092139,2023-03-24,ALL,opp,Togo,H,W,1,0,0,0,,11,6,6,,54,2,17,11,10,314,254,,1,10,5,5,3,2,5,16,19,,1,55.0,40.0,63.0,11,4,7,,37,27,21,22,11,,66,50
10339159,2023-03-28,1ST,bf,Togo,A,D,1,1,1,1,0,2,0,5,,24,1,,2,8,190,161,,3,4,1,2,1,2,2,5,8,,1,36.0,49.0,40.0,2,1,1,,12,24,5,5,6,,34,38
10339159,2023-03-28,1ST,opp,Togo,A,D,1,1,1,0,1,4,1,4,,36,4,,4,3,199,167,,1,6,0,2,2,4,4,10,9,,0,64.0,51.0,70.0,3,1,1,,22,15,5,4,2,,34,28
10339159,2023-03-28,2ND,bf,Togo,A,D,1,1,1,1,0,8,1,1,,23,0,,2,3,185,143,,1,2,1,2,1,0,0,5,5,,2,54.0,51.0,80.0,4,2,3,,16,8,7,5,6,,30,26
10339159,2023-03-28,2ND,opp,Togo,A,D,1,1,1,1,0,2,1,5,,39,0,,2,4,174,142,,0,3,0,2,2,1,1,4,15,,1,46.0,49.0,50.0,3,2,2,,14,12,7,9,2,,30,27
10339159,2023-03-28,ALL,bf,Togo,A,D,1,1,2,2,0,10,1,6,,47,1,21,4,11,375,304,,4,6,2,4,2,2,2,10,13,,3,45.0,50.0,60.0,6,3,4,,28,32,12,10,12,,64,64
10339159,2023-03-28,ALL,opp,Togo,A,D,1,1,2,1,1,6,2,9,,75,4,14,6,7,373,309,,1,9,0,4,4,5,5,14,24,,1,55.0,50.0,64.0,6,3,3,,36,27,12,13,4,,64,55
10339183,2023-06-18,1ST,bf,Cabo Verde,A,L,1,3,2,1,1,5,2,1,,34,2,,6,3,216,169,27,0,6,2,2,2,2,4,7,11,,1,60.0,58.0,43.0,3,1,8,,26,9,5,6,12,,43,18
10339183,2023-06-18,1ST,opp,Cabo Verde,A,L,1,3,0,0,0,18,0,5,,24,1,,4,5,158,119,26,1,4,0,1,3,1,3,5,7,,0,40.0,42.0,20.0,2,0,3,,17,9,5,4,5,,43,32
10339183,2023-06-18,2ND,bf,Cabo Verde,A,L,1,3,0,0,0,3,3,3,,25,3,,1,3,177,141,28,1,10,2,5,5,3,5,6,5,,1,42.0,56.0,33.0,3,1,6,,16,13,6,8,8,,39,20
10339183,2023-06-18,2ND,opp,Cabo Verde,A,L,1,3,2,0,2,17,2,4,,26,1,,6,6,141,98,28,3,6,1,4,2,3,2,5,5,,3,58.0,44.0,60.0,3,3,7,,23,18,6,5,9,,39,37
10339183,2023-06-18,ALL,bf,Cabo Verde,A,L,1,3,2,1,1,8,5,4,,59,5,22,7,6,393,310,55,1,16,4,7,7,5,9,13,16,,2,52.0,57.0,38.0,6,2,14,,42,22,11,14,20,,82,38
10339183,2023-06-18,ALL,opp,Cabo Verde,A,L,1,3,2,0,2,35,2,9,,50,2,17,10,11,299,217,54,4,10,1,5,5,4,5,10,12,,3,48.0,43.0,40.0,5,3,10,,40,27,11,9,14,,82,69
10339208,2023-09-08,1ST,bf,Eswatini,H,D,0,0,0,0,,1,3,2,,49,2,,2,6,376,332,40,2,9,0,6,7,2,3,6,15,,0,58.0,71.0,67.0,3,2,7,,16,21,6,9,11,,27,37
10339208,2023-09-08,1ST,opp,Eswatini,H,D,0,0,0,0,,19,2,4,,22,1,,7,6,152,111,32,2,4,1,0,1,2,4,6,7,,0,42.0,29.0,67.0,3,0,2,,11,9,6,3,4,,27,33
10339208,2023-09-08,2ND,bf,Eswatini,H,D,0,0,2,2,,5,3,3,,53,1,,5,6,293,241,39,1,9,1,6,6,2,3,7,12,,1,42.0,63.0,57.0,8,4,3,,13,17,15,9,12,,35,33
10339208,2023-09-08,2ND,opp,Eswatini,H,D,0,0,0,0,,12,3,5,,26,1,,8,5,174,132,36,2,8,2,4,5,1,4,12,9,,0,58.0,37.0,92.0,7,1,7,,22,21,15,7,9,,35,46
10339208,2023-09-08,ALL,bf,Eswatini,H,D,0,0,2,2,,6,6,5,,102,3,8,7,12,669,573,79,3,18,1,12,13,4,6,13,27,,1,48.0,67.0,62.0,11,6,10,,29,38,21,18,23,,62,70
10339208,2023-09-08,ALL,opp,Eswatini,H,D,0,0,0,0,,31,5,9,,48,2,7,15,11,326,243,68,4,12,3,4,6,3,8,18,16,,0,52.0,33.0,83.0,10,1,9,,33,30,21,10,13,,62,79
11612976,2023-09-12,ALL,bf,Morocco,A,L,0,1,,,,,2,,,,,,,,,,,,,,,,,,,,,4,,,,,,,,,,,,,,,
11612976,2023-09-12,ALL,opp,Morocco,A,L,0,1,,,,,5,,,,,,,,,,,,,,,,,,,,,1,,,,,,,,,,,,,,,
11735406,2023-10-17,ALL,bf,Mauritania,A,W,2,1,,,,,5,,,,,,,,,,,,,,,,,,,,,2,,,,,,,,,,,,,,,
11735406,2023-10-17,ALL,opp,Mauritania,A,W,2,1,,,,,2,,,,,,,,,,,,,,,,,,,,,2,,,,,,,,,,,,,,,
11797997,2023-11-17,ALL,bf,Guinea-Bissau,H,D,1,1,,,,,,,,,,,,,,,,,,,,,,,,,,2,,,,,,,,,,,,,,,
11797997,2023-11-17,ALL,opp,Guinea-Bissau,H,D,1,1,,,,,,,,,,,,,,,,,,,,,,,,,,3,,,,,,,,,,,,,,,
11798005,2023-11-21,ALL,bf,Ethiopia,A,W,3,0,,,,,,,,,,,,,,,,,,,,,,,,,,2,,,,,,,,,,,,,,,
11798005,2023-11-21,ALL,opp,Ethiopia,A,W,3,0,,,,,,,,,,,,,,,,,,,,,,,,,,2,,,,,,,,,,,,,,,
11761878,2024-01-16,1ST,bf,Mauritania,H,W,1,0,0,,0,4,0,7,,33,1,,2,4,224,186,32,3,3,0,1,2,1,2,8,13,,1,43.0,58.0,13.0,8,0,1,,15,13,13,4,6,,41,23
11761878,2024-01-16,1ST,opp,Mauritania,H,W,1,0,0,,0,8,2,3,,22,3,,5,5,160,120,29,1,7,0,3,4,3,4,12,12,,0,57.0,42.0,67.0,5,2,5,,26,11,13,8,10,,41,33
11761878,2024-01-16,2ND,bf,Mauritania,H,W,1,0,1,,1,7,3,8,,29,2,,2,3,179,146,26,1,8,2,4,2,4,4,7,14,,2,44.0,69.0,57.0,10,1,3,,15,9,14,13,6,,43,19
11761878,2024-01-16,2ND,opp,Mauritania,H,W,1,0,0,,0,14,2,4,,20,0,,3,5,81,45,26,3,2,0,1,1,1,1,11,6,,2,56.0,31.0,55.0,4,1,7,,28,6,14,7,10,,43,26
11761878,2024-01-16,ALL,bf,Mauritania,H,W,1,0,1,,1,11,3,15,,62,3,21,4,7,403,332,58,4,11,2,5,4,5,6,15,27,,3,43.0,62.0,33.0,18,1,4,,30,22,27,17,12,,84,42
11761878,2024-01-16,ALL,opp,Mauritania,H,W,1,0,0,,0,22,4,7,,42,3,13,8,10,241,165,55,4,9,0,4,5,4,5,23,18,,2,57.0,38.0,61.0,9,3,12,,54,17,27,15,20,,84,59
11761889,2024-01-20,1ST,bf,Algeria,A,D,2,2,1,0,1,5,0,7,,19,1,,8,4,140,107,19,1,2,0,2,0,2,0,9,7,,2,43.0,37.0,67.0,3,0,2,,16,10,9,4,5,,35,26
11761889,2024-01-20,1ST,opp,Algeria,A,D,2,2,1,1,0,6,2,5,,25,2,,2,6,245,213,20,1,4,0,3,3,1,1,10,8,,0,57.0,63.0,50.0,6,0,0,,19,16,9,3,4,,35,33
11761889,2024-01-20,2ND,bf,Algeria,A,D,2,2,2,1,1,10,1,3,,21,2,,6,1,97,70,15,1,4,1,3,2,1,1,5,8,,3,33.0,35.0,80.0,2,0,1,,13,11,13,4,5,,32,23
11761889,2024-01-20,2ND,opp,Algeria,A,D,2,2,3,2,1,6,2,2,,29,3,,4,3,180,154,21,0,11,4,9,4,3,2,7,7,,2,67.0,65.0,57.0,11,6,3,,19,11,13,12,6,,32,24
11761889,2024-01-20,ALL,bf,Algeria,A,D,2,2,3,1,2,15,1,10,,40,3,18,14,5,237,177,34,2,6,1,5,2,3,1,14,15,,5,38.0,36.0,71.0,5,0,3,,29,21,22,8,10,,67,49
11761889,2024-01-20,ALL,opp,Algeria,A,D,2,2,4,3,1,12,4,7,,54,5,13,6,9,425,367,41,1,15,4,12,7,4,3,17,15,,2,62.0,64.0,53.0,17,6,3,,38,27,22,15,10,,67,57
11761902,2024-01-23,1ST,bf,Angola,A,L,0,2,0,0,0,4,3,0,,21,0,,3,2,212,181,22,0,9,6,6,2,1,3,12,13,,1,62.0,50.0,58.0,6,0,6,,24,17,10,7,13,,38,24
11761902,2024-01-23,1ST,opp,Angola,A,L,0,2,1,0,1,10,1,9,,18,1,,7,5,212,172,22,1,2,0,1,1,1,1,7,8,,1,38.0,50.0,43.0,4,2,0,,14,9,10,4,3,,38,31
11761902,2024-01-23,2ND,bf,Angola,A,L,0,2,1,1,0,3,4,2,,44,2,,2,3,189,146,31,3,11,5,8,4,2,3,8,15,,0,58.0,52.0,75.0,9,3,3,,19,9,20,16,5,,28,23
11761902,2024-01-23,2ND,opp,Angola,A,L,0,2,1,0,1,21,0,5,,18,0,,7,5,181,135,24,2,4,0,2,0,4,2,4,8,,2,42.0,48.0,100.0,11,1,4,,9,13,20,2,7,,28,38
11761902,2024-01-23,ALL,bf,Angola,A,L,0,2,1,1,0,7,7,2,,65,2,10,5,5,401,327,53,3,20,11,14,6,3,6,20,28,,1,60.0,51.0,65.0,15,3,9,,43,26,30,23,18,,66,47
11761902,2024-01-23,ALL,opp,Angola,A,L,0,2,2,0,2,31,1,14,,36,1,15,14,10,393,307,46,3,6,0,3,1,5,3,11,16,,3,40.0,49.0,64.0,15,3,4,,23,22,30,6,10,,66,69
11940715,2024-01-30,1ST,bf,Mali,A,L,1,2,0,0,0,6,1,4,,16,2,,4,3,154,119,17,2,3,0,2,1,2,1,4,8,,1,55.0,37.0,50.0,8,2,2,,18,11,11,6,6,,36,24
11940715,2024-01-30,1ST,opp,Mali,A,L,1,2,1,1,0,6,0,3,,36,2,,1,4,265,226,22,2,8,0,4,6,2,4,8,12,,0,45.0,63.0,38.0,3,1,1,,18,11,11,5,2,,36,24
11940715,2024-01-30,2ND,bf,Mali,A,L,1,2,2,1,1,2,1,4,,29,2,,6,5,173,128,23,1,5,0,5,3,2,0,6,18,,2,36.0,51.0,83.0,6,4,3,,14,12,22,8,4,,33,37
11940715,2024-01-30,2ND,opp,Mali,A,L,1,2,1,0,1,16,1,2,,33,3,,2,5,170,129,28,1,6,2,2,2,2,4,5,8,,1,64.0,49.0,60.0,16,0,5,,19,12,22,2,9,,33,27
11940715,2024-01-30,ALL,bf,Mali,A,L,1,2,2,1,1,8,2,8,,45,4,18,10,8,327,247,40,3,8,0,7,4,4,1,10,26,,3,45.0,44.0,70.0,14,6,5,,32,23,33,14,10,,69,61
11940715,2024-01-30,ALL,opp,Mali,A,L,1,2,2,1,1,22,1,5,,69,5,19,3,9,435,355,50,3,14,2,6,8,4,8,13,20,,1,55.0,56.0,46.0,19,1,6,,37,23,33,7,11,,69,51
12183516,2024-06-06,ALL,bf,Egypt,A,L,1,2,,,,,,,,,,,,,,,,,,,,,,,,,,1,,,,,,,,,,,,,,,
12183516,2024-06-06,ALL,opp,Egypt,A,L,1,2,,,,,,,,,,,,,,,,,,,,,,,,,,2,,,,,,,,,,,,,,,
12183524,2024-06-10,ALL,bf,Sierra Leone,H,D,2,2,,,,,,,,,,,,,,,,,,,,,,,,,,2,,,,,,,,,,,,,,,
12183524,2024-06-10,ALL,opp,Sierra Leone,H,D,2,2,,,,,,,,,,,,,,,,,,,,,,,,,,1,,,,,,,,,,,,,,,
12526616,2024-09-06,1ST,bf,Senegal,A,D,1,1,0,0,0,1,1,11,,33,2,,5,6,197,164,29,0,6,2,2,3,1,4,15,5,,,56.0,50.0,87.0,4,2,3,,27,18,9,5,4,,46,31
12526616,2024-09-06,1ST,opp,Senegal,A,D,1,1,2,1,1,10,0,9,,21,2,,4,6,199,176,29,1,4,1,2,2,1,2,12,7,,,44.0,50.0,75.0,5,0,5,,19,15,9,2,11,,46,20
12526616,2024-09-06,2ND,bf,Senegal,A,D,1,1,1,0,1,7,4,6,,27,2,,0,2,160,127,29,1,5,0,3,2,3,2,9,10,,,54.0,43.0,67.0,6,1,0,,20,13,9,7,1,,39,29
12526616,2024-09-06,2ND,opp,Senegal,A,D,1,1,0,0,0,5,0,9,,25,3,,1,3,212,174,24,2,2,1,1,0,1,1,7,9,,,46.0,57.0,71.0,3,1,2,,19,15,9,6,2,,39,32
12526616,2024-09-06,ALL,bf,Senegal,A,D,1,1,1,0,1,8,5,17,,60,4,13,5,8,357,291,58,1,11,2,5,5,4,6,24,15,16,,55.0,46.0,79.0,10,3,3,55,47,31,18,12,5,99,85,60
12526616,2024-09-06,ALL,opp,Senegal,A,D,1,1,2,1,1,15,0,18,,46,5,20,5,9,411,350,53,3,6,2,3,2,2,3,19,16,21,,45.0,54.0,74.0,8,1,7,72,38,30,18,8,13,98,85,52
12526614,2024-09-10,1ST,bf,Malawi,H,W,3,1,3,1,2,2,3,4,,31,0,,3,2,238,208,20,4,8,0,6,4,4,2,5,11,,1,54.0,57.0,60.0,6,1,6,,14,24,9,12,9,,28,35
12526614,2024-09-10,1ST,opp,Malawi,H,W,3,1,0,0,0,7,0,1,,21,1,,6,5,184,151,23,2,5,0,0,1,4,5,7,5,,0,46.0,43.0,43.0,3,0,2,,14,16,9,1,6,,28,34
12526614,2024-09-10,2ND,bf,Malawi,H,W,3,1,3,2,1,6,3,8,,32,1,,2,4,217,180,22,2,8,2,5,2,4,3,3,11,,0,43.0,52.0,67.0,6,1,3,,11,16,12,8,4,,28,32
12526614,2024-09-10,2ND,opp,Malawi,H,W,3,1,1,0,1,12,1,2,,30,1,,3,3,209,173,22,2,5,2,4,0,3,1,9,7,,1,57.0,48.0,67.0,6,0,1,,17,12,12,4,2,,28,32
12526614,2024-09-10,ALL,bf,Malawi,H,W,3,1,6,3,3,8,6,12,,63,1,13,5,6,455,388,42,6,16,2,11,6,8,5,8,22,29,1,48.0,54.0,63.0,12,2,9,67,25,40,21,20,13,98,56,67
12526614,2024-09-10,ALL,opp,Malawi,H,W,3,1,1,0,1,19,1,3,,51,2,9,9,8,393,324,45,4,10,2,4,1,7,6,16,12,11,1,52.0,46.0,56.0,9,0,3,42,31,28,21,5,8,78,56,66
12526613,2024-10-10,1ST,bf,Burundi,H,W,4,1,2,1,1,6,4,5,,31,1,,1,4,224,180,25,0,7,0,6,4,3,1,6,12,,0,61.0,64.0,83.0,5,5,7,,18,7,8,15,8,,30,22
12526613,2024-10-10,1ST,opp,Burundi,H,W,4,1,1,0,1,15,2,0,,20,1,,5,5,131,86,21,0,4,2,3,1,1,1,6,10,,2,39.0,36.0,100.0,3,1,1,,12,7,8,4,7,,30,33
12526613,2024-10-10,2ND,bf,Burundi,H,W,4,1,5,4,1,6,2,4,,33,2,,8,2,200,165,23,3,7,1,6,2,4,1,7,13,,2,60.0,56.0,86.0,6,1,4,,25,15,8,10,7,,44,30
12526613,2024-10-10,2ND,opp,Burundi,H,W,4,1,1,1,0,10,2,2,,31,2,,3,2,155,124,19,3,12,1,3,8,3,9,7,9,,2,40.0,44.0,86.0,2,0,2,,19,10,8,9,7,,44,26
12526613,2024-10-10,ALL,bf,Burundi,H,W,4,1,7,5,2,12,6,9,,64,3,16,9,6,424,345,48,3,14,1,12,6,7,2,13,25,31,2,60.0,60.0,85.0,11,6,11,83,43,22,16,25,15,118,74,52
12526613,2024-10-10,ALL,opp,Burundi,H,W,4,1,2,1,1,25,4,2,,51,3,19,8,7,286,210,40,3,16,3,6,9,4,10,13,19,15,4,40.0,40.0,92.0,5,1,3,50,31,17,16,13,14,87,74,59
12526608,2024-10-13,1ST,bf,Burundi,A,W,2,0,0,0,0,10,2,4,,20,2,,4,3,172,128,29,3,5,1,2,3,1,3,14,7,,0,53.0,49.0,79.0,13,2,4,,24,7,24,5,6,,46,20
12526608,2024-10-13,1ST,opp,Burundi,A,W,2,0,0,0,0,12,5,4,,19,3,,6,5,177,137,21,0,9,2,5,4,3,4,6,8,,0,46.0,51.0,67.0,11,2,6,,21,10,24,9,16,,45,27
12526608,2024-10-13,2ND,bf,Burundi,A,W,2,0,2,1,1,6,5,8,,22,2,,2,4,154,112,28,0,9,4,7,2,3,2,9,14,,1,44.0,48.0,56.0,8,3,3,,17,14,17,9,8,,40,25
12526608,2024-10-13,2ND,opp,Burundi,A,W,2,0,0,0,0,14,0,5,,21,1,,2,3,172,132,33,2,2,1,0,1,0,2,13,7,,1,56.0,52.0,54.0,9,0,5,,23,7,17,5,9,,40,25
12526608,2024-10-13,ALL,bf,Burundi,A,W,2,0,2,1,1,16,7,12,,42,4,15,6,7,326,240,57,3,14,5,9,5,4,5,23,21,28,1,49.0,48.0,70.0,21,5,7,69,41,21,41,14,14,105,86,45
12526608,2024-10-13,ALL,opp,Burundi,A,W,2,0,0,0,0,26,5,9,,40,4,12,8,8,349,269,54,2,11,3,5,5,3,6,19,15,10,1,51.0,52.0,58.0,20,2,11,48,44,17,41,14,25,80,85,52
12526607,2024-11-14,1ST,bf,Senegal,H,L,0,1,2,2,,12,3,1,,31,0,,4,5,134,96,29,4,6,0,3,4,2,3,10,4,,,62.0,35.0,70.0,4,4,4,,20,11,11,7,6,,28,32
12526607,2024-11-14,1ST,opp,Senegal,H,L,0,1,1,1,,4,5,7,,37,1,,3,2,244,211,26,2,13,5,9,4,4,4,3,17,,,38.0,65.0,100.0,7,4,2,,8,27,11,13,5,,28,36
12526607,2024-11-14,2ND,bf,Senegal,H,L,0,1,4,4,,17,3,5,,22,1,,6,4,105,69,25,1,7,0,6,4,3,1,10,10,,,46.0,37.0,80.0,10,2,2,,19,10,21,5,7,,42,31
12526607,2024-11-14,2ND,opp,Senegal,H,L,0,1,0,0,,8,3,3,,31,1,,5,1,183,145,25,3,9,4,4,3,2,5,10,8,,,54.0,63.0,30.0,11,1,6,,23,12,21,5,13,,42,29
12526607,2024-11-14,ALL,bf,Senegal,H,L,0,1,6,6,,29,6,6,,53,1,12,10,9,239,165,54,5,13,0,9,8,5,4,20,14,19,,52.0,36.0,75.0,14,6,6,37,39,21,32,12,13,79,70,63
12526607,2024-11-14,ALL,opp,Senegal,H,L,0,1,1,1,,12,8,10,,68,2,16,8,3,427,356,51,5,22,9,13,7,6,9,13,25,34,,48.0,64.0,46.0,18,5,8,111,31,39,32,18,18,152,70,65
12526738,2024-11-18,1ST,bf,Malawi,A,L,0,3,0,0,0,9,1,3,,26,1,,5,0,186,154,19,0,3,0,1,2,1,2,4,18,,0,43.0,45.0,100.0,6,0,5,,14,5,12,5,13,,34,18
12526738,2024-11-18,1ST,opp,Malawi,A,L,0,3,1,1,0,7,1,2,,31,0,,6,4,232,192,24,1,4,0,2,3,1,2,11,9,,0,57.0,55.0,73.0,6,1,1,,20,30,12,8,3,,34,52
12526738,2024-11-18,2ND,bf,Malawi,A,L,0,3,0,0,0,3,7,4,,36,0,,4,2,201,167,22,0,6,1,2,1,4,4,5,10,,1,49.0,65.0,40.0,9,7,3,,14,10,17,27,10,,30,22
12526738,2024-11-18,2ND,opp,Malawi,A,L,0,3,2,0,2,13,0,3,,24,1,,8,5,119,74,30,4,6,3,2,1,2,4,11,6,,1,51.0,35.0,45.0,8,1,2,,16,9,17,2,4,,30,46
12526738,2024-11-18,ALL,bf,Malawi,A,L,0,3,0,0,0,12,8,7,1,62,1,12,9,2,387,321,41,0,9,1,3,3,5,6,9,28,19,1,46.0,54.0,67.0,15,7,8,89,28,15,29,32,23,125,64,40
12526738,2024-11-18,ALL,opp,Malawi,A,L,0,3,3,1,2,20,1,5,0,55,1,15,14,9,351,266,54,5,10,3,4,4,3,6,22,15,9,1,54.0,46.0,59.0,14,2,3,35,36,39,29,10,7,73,64,98
12183513,2025-03-21,ALL,bf,Djibouti,H,W,4,1,,,,,,,,,,,,,,,,,,,,,,,,,,2,,,,,,,,,,,,,,,
12183513,2025-03-21,ALL,opp,Djibouti,H,W,4,1,,,,,,,,,,,,,,,,,,,,,,,,,,2,,,,,,,,,,,,,,,
12183510,2025-03-24,ALL,bf,Guinea-Bissau,A,W,2,1,,,,,,,,,,,,,,,,,,,,,,,,,,3,,,,,,,,,,,,,,,
12183510,2025-03-24,ALL,opp,Guinea-Bissau,A,W,2,1,,,,,,,,,,,,,,,,,,,,,,,,,,2,,,,,,,,,,,,,,,
13961689,2025-06-02,1ST,bf,Tunisia,A,L,0,2,0,0,0,6,0,1,,23,1,12,3,5,156,124,19,1,2,0,1,2,0,1,3,9,,1,41.0,41.0,100.0,4,1,3,,17,9,10,4,11,,41,14
13961689,2025-06-02,1ST,opp,Tunisia,A,L,0,2,0,0,0,6,1,2,,21,4,11,3,5,222,187,19,0,3,1,0,1,1,3,9,12,,0,59.0,59.0,56.0,6,1,5,,24,8,10,6,6,,41,16
13961689,2025-06-02,2ND,bf,Tunisia,A,L,0,2,1,1,0,12,3,4,,24,0,9,3,6,136,111,19,0,10,4,6,5,1,4,6,14,,0,55.0,42.0,33.0,8,1,5,,15,12,10,11,7,,32,21
13961689,2025-06-02,2ND,opp,Tunisia,A,L,0,2,1,0,1,5,1,4,,14,2,4,9,3,190,146,17,1,1,0,0,0,1,1,6,9,,0,45.0,58.0,83.0,2,1,3,,17,11,10,6,5,,32,29
13961689,2025-06-02,ALL,bf,Tunisia,A,L,0,2,1,1,0,18,3,5,0,47,1,21,6,11,292,235,38,1,12,4,7,7,1,5,9,23,14,1,47.0,42.0,56.0,12,2,8,53,32,21,20,15,18,75,73,35
13961689,2025-06-02,ALL,opp,Tunisia,A,L,0,2,1,0,1,11,2,6,1,35,6,15,12,8,412,333,36,1,4,1,0,1,2,4,15,21,11,0,53.0,58.0,67.0,8,2,8,49,41,19,20,12,11,81,73,45
14085001,2025-08-02,1ST,bf,Tanzania,A,L,0,2,0,0,0,6,0,0,,22,0,,7,9,169,127,24,2,3,0,1,0,3,2,8,5,,1,52.0,37.0,63.0,9,0,1,,13,18,15,3,3,,27,34
14085001,2025-08-02,1ST,opp,Tanzania,A,L,0,2,2,1,1,2,1,5,,40,2,,2,7,283,250,32,3,10,1,5,6,3,5,2,11,,1,48.0,63.0,100.0,6,3,2,,14,28,15,9,5,,27,42
14085001,2025-08-02,2ND,bf,Tanzania,A,L,0,2,0,0,0,11,2,4,,31,2,,3,5,156,115,22,4,9,4,3,5,0,6,11,16,,0,56.0,42.0,64.0,15,2,8,,25,15,27,12,15,,44,31
14085001,2025-08-02,2ND,opp,Tanzania,A,L,0,2,2,1,1,14,6,9,,30,0,,4,6,212,173,28,0,9,2,5,2,5,4,11,6,,1,44.0,58.0,100.0,12,4,3,,19,14,27,15,5,,44,32
14085001,2025-08-02,ALL,bf,Tanzania,A,L,0,2,0,0,0,17,2,4,,53,2,17,10,14,325,242,46,6,12,4,4,5,3,8,19,21,7,1,55.0,39.0,63.0,24,2,9,30,38,33,42,15,18,70,71,65
14085001,2025-08-02,ALL,opp,Tanzania,A,L,0,2,4,2,2,16,7,14,,70,2,14,6,13,495,423,60,3,19,3,10,8,8,9,13,17,15,2,45.0,61.0,100.0,18,7,5,94,33,42,42,24,10,120,71,74
14085010,2025-08-06,1ST,bf,Central African Republic,H,W,4,2,2,1,1,7,4,5,,22,1,,3,8,156,115,23,0,5,2,2,1,2,3,7,13,,2,60.0,45.0,57.0,17,1,8,,27,19,26,9,15,,47,34
14085010,2025-08-06,1ST,opp,Central African Republic,H,W,4,2,0,0,0,20,1,4,,26,1,,3,3,194,147,24,1,4,0,1,3,1,3,12,10,,0,40.0,55.0,67.0,9,1,1,,20,20,26,4,4,,47,39
14085010,2025-08-06,2ND,bf,Central African Republic,H,W,4,2,4,1,3,10,2,1,,41,2,,4,1,138,88,33,1,8,0,7,4,4,1,8,8,,0,60.0,44.0,50.0,16,1,5,,21,21,28,6,8,,34,47
14085010,2025-08-06,2ND,opp,Central African Republic,H,W,4,2,2,1,1,7,0,5,,31,0,,9,3,169,129,28,1,5,1,2,2,2,3,4,7,,2,40.0,56.0,75.0,12,1,8,,13,13,28,10,11,,34,27
14085010,2025-08-06,ALL,bf,Central African Republic,H,W,4,2,6,2,4,17,6,6,0,63,3,9,7,9,294,203,56,1,13,2,9,5,6,4,15,21,25,2,60.0,45.0,53.0,33,2,13,49,48,40,54,15,23,90,81,81
14085010,2025-08-06,ALL,opp,Central African Republic,H,W,4,2,2,1,1,27,1,9,1,57,1,23,12,6,363,276,52,2,9,1,3,5,3,6,16,17,15,2,40.0,55.0,69.0,21,2,9,42,33,33,54,14,15,86,81,66
14085026,2025-08-13,1ST,bf,Mauritania,A,L,0,1,1,1,0,6,1,1,,30,0,,3,1,125,89,19,1,9,3,6,5,1,3,5,14,,1,46.0,36.0,60.0,15,0,2,,9,14,27,7,3,,25,29
14085026,2025-08-13,1ST,opp,Mauritania,A,L,0,1,1,0,1,12,0,4,,29,3,,4,3,236,203,20,1,4,0,2,2,2,2,2,5,,0,54.0,64.0,50.0,12,0,4,,16,18,27,5,5,,25,34
14085026,2025-08-13,2ND,bf,Mauritania,A,L,0,1,1,1,0,4,2,2,,51,1,,3,2,164,104,29,3,8,4,3,1,3,5,7,11,,3,46.0,45.0,57.0,13,1,2,,19,17,31,7,4,,38,38
14085026,2025-08-13,2ND,opp,Mauritania,A,L,0,1,0,0,0,10,2,3,,39,3,,0,8,208,155,27,3,6,0,2,3,3,4,4,10,,1,54.0,55.0,50.0,18,0,2,,19,21,31,3,6,,38,50
14085026,2025-08-13,ALL,bf,Mauritania,A,L,0,1,2,2,0,10,3,3,,81,1,28,6,3,289,193,48,4,17,7,9,6,4,8,12,25,15,4,46.0,40.0,58.0,28,1,4,53,28,31,58,14,7,107,63,67
14085026,2025-08-13,ALL,opp,Mauritania,A,L,0,1,1,0,1,22,2,7,,68,6,13,4,11,444,358,47,4,10,0,4,5,5,6,6,15,9,1,54.0,60.0,50.0,30,0,6,57,35,39,58,8,11,99,63,84
14085032,2025-08-16,1ST,bf,Madagascar,H,L,1,2,3,2,1,6,3,3,,34,0,,4,8,179,128,23,1,10,0,8,4,6,2,6,17,,0,57.0,54.0,83.0,13,8,0,,13,16,21,10,2,,25,45
14085032,2025-08-16,1ST,opp,Madagascar,H,L,1,2,0,0,0,10,5,5,,25,0,,4,8,156,111,25,5,7,2,3,3,2,4,5,15,,0,43.0,46.0,80.0,8,1,1,,12,10,21,6,2,,25,21
14085032,2025-08-16,2ND,bf,Madagascar,H,L,1,2,1,1,0,4,2,5,,43,3,,2,4,153,108,20,0,11,4,6,5,2,5,6,22,,2,47.0,58.0,100.0,15,3,2,,13,17,25,11,7,,34,36
14085032,2025-08-16,2ND,opp,Madagascar,H,L,1,2,1,0,1,12,0,4,,21,3,,10,6,111,62,20,2,3,1,2,1,1,1,10,9,,1,53.0,42.0,90.0,10,2,4,,21,9,25,6,6,,34,37
14085032,2025-08-16,ALL,bf,Madagascar,H,L,1,2,4,3,1,10,5,8,0,77,3,14,6,12,332,236,43,1,21,4,14,9,8,7,12,39,26,2,51.0,56.0,92.0,28,11,2,61,26,33,46,21,9,110,59,81
14085032,2025-08-16,ALL,opp,Madagascar,H,L,1,2,1,0,1,22,5,9,1,46,3,13,14,14,267,173,45,7,10,3,5,4,3,5,15,24,9,1,49.0,44.0,87.0,18,3,5,30,33,19,46,12,8,66,59,58
12183532,2025-09-05,ALL,bf,Djibouti,A,W,6,0,,,,,,,,,,,,,,,,,,,,,,,,,,1,,,,,,,,,,,,,,,
12183532,2025-09-05,ALL,opp,Djibouti,A,W,6,0,,,,,,,,,,,,,,,,,,,,,,,,,,0,,,,,,,,,,,,,,,
12183469,2025-09-09,ALL,bf,Egypt,H,D,0,0,,,,,,,,,,,,,,,,,,,,,,,,,,1,,,,,,,,,,,,,,,
12183469,2025-09-09,ALL,opp,Egypt,H,D,0,0,,,,,,,,,,,,,,,,,,,,,,,,,,1,,,,,,,,,,,,,,,
12183427,2025-10-08,ALL,bf,Sierra Leone,A,W,1,0,,,,,,,,,,,,,,,,,,,,,,,,,,3,,,,,,,,,,,,,,,
12183427,2025-10-08,ALL,opp,Sierra Leone,A,W,1,0,,,,,,,,,,,,,,,,,,,,,,,,,,1,,,,,,,,,,,,,,,
12183405,2025-10-12,ALL,bf,Ethiopia,H,W,3,1,,,,,,,,,,,,,,,,,,,,,,,,,,1,,,,,,,,,,,,,,,
12183405,2025-10-12,ALL,opp,Ethiopia,H,W,3,1,,,,,,,,,,,,,,,,,,,,,,,,,,3,,,,,,,,,,,,,,,
13424942,2025-12-24,1ST,bf,Equatorial Guinea,H,W,2,1,0,0,0,7,6,4,,26,0,8,3,3,271,232,25,0,6,4,3,2,0,3,7,11,,1,57.0,65.0,71.0,7,3,7,,20,13,14,16,7,,33,26
13424942,2025-12-24,1ST,opp,Equatorial Guinea,H,W,2,1,0,0,0,10,1,4,,21,0,8,3,7,149,113,25,0,2,0,0,2,0,2,4,7,,0,43.0,35.0,100.0,7,0,1,,13,12,14,6,4,,33,32
13424942,2025-12-24,2ND,bf,Equatorial Guinea,H,W,2,1,5,3,2,10,3,5,,36,1,8,7,1,210,180,17,0,10,1,10,4,5,0,12,7,,0,57.0,70.0,33.0,10,4,6,,22,9,14,9,10,,42,14
13424942,2025-12-24,2ND,opp,Equatorial Guinea,H,W,2,1,0,0,0,18,2,8,,15,1,4,9,1,92,61,17,3,3,0,2,2,1,1,9,5,,1,43.0,30.0,56.0,4,1,3,,20,12,14,4,7,,42,31
13424942,2025-12-24,ALL,bf,Equatorial Guinea,H,W,2,1,5,3,2,17,9,9,1,62,1,16,10,4,481,412,42,0,16,5,13,6,5,3,19,18,48,1,57.0,67.0,47.0,17,7,13,107,42,22,28,25,17,146,75,40
13424942,2025-12-24,ALL,opp,Equatorial Guinea,H,W,2,1,0,0,0,28,3,12,0,36,1,12,12,8,241,174,42,3,5,0,2,4,1,3,13,12,10,1,43.0,33.0,69.0,11,1,4,34,33,24,28,10,11,60,75,63
13424954,2025-12-28,1ST,bf,Algeria,A,L,0,1,1,1,0,1,3,2,,31,4,11,3,4,154,128,19,2,8,4,5,4,0,3,9,7,,2,64.0,44.0,67.0,8,3,3,,27,4,9,9,9,,46,16
13424954,2025-12-28,1ST,opp,Algeria,A,L,0,1,2,1,1,12,1,3,,18,2,15,3,5,207,178,30,0,6,2,4,1,3,2,8,6,,1,36.0,56.0,75.0,1,0,0,,19,7,9,3,6,,46,20
13424954,2025-12-28,2ND,bf,Algeria,A,L,0,1,2,2,0,6,3,3,,34,3,8,3,3,231,193,23,2,6,0,3,4,2,3,10,10,,1,57.0,57.0,50.0,9,2,6,,25,10,15,12,10,,45,20
13424954,2025-12-28,2ND,opp,Algeria,A,L,0,1,3,3,0,13,1,5,,17,1,9,8,7,178,143,28,2,4,0,4,2,2,0,7,3,,1,43.0,43.0,57.0,6,1,5,,20,15,15,5,10,,45,29
13424954,2025-12-28,ALL,bf,Algeria,A,L,0,1,3,3,0,7,6,5,0,65,7,19,6,7,385,321,42,4,14,4,8,8,2,6,19,17,20,3,60.0,51.0,58.0,17,5,9,91,52,14,24,21,19,133,91,36
13424954,2025-12-28,ALL,opp,Algeria,A,L,0,1,5,4,1,25,2,8,1,35,3,24,11,12,385,321,58,2,10,2,8,3,5,2,15,9,15,2,40.0,49.0,67.0,7,1,5,58,39,22,24,8,16,79,91,49
13424968,2025-12-31,1ST,bf,Sudan,A,W,2,0,1,0,1,6,4,2,,31,0,6,4,3,289,248,20,0,5,1,3,3,1,2,7,11,,1,43.0,71.0,71.0,5,1,3,,11,20,15,7,6,,22,35
13424968,2025-12-31,1ST,opp,Sudan,A,W,2,0,2,2,0,15,2,6,,15,2,1,5,7,118,83,19,0,4,1,3,3,0,1,5,6,,0,57.0,29.0,40.0,10,1,1,,11,15,15,5,2,,22,28
13424968,2025-12-31,2ND,bf,Sudan,A,W,2,0,1,0,1,9,2,4,,31,0,6,3,2,205,166,36,1,5,0,3,3,2,2,3,9,,1,47.0,53.0,33.0,11,1,5,,10,12,17,4,11,,28,28
13424968,2025-12-31,2ND,opp,Sudan,A,W,2,0,1,1,0,10,2,2,,25,0,2,4,5,180,127,28,1,6,2,5,3,1,1,10,11,,0,53.0,47.0,80.0,6,1,2,,18,11,17,5,3,,28,42
13424968,2025-12-31,ALL,bf,Sudan,A,W,2,0,2,0,2,15,6,6,,62,0,12,7,5,494,414,56,1,10,1,6,6,3,4,10,20,25,2,45.0,62.0,60.0,16,2,8,86,21,32,32,11,17,127,50,63
13424968,2025-12-31,ALL,opp,Sudan,A,W,2,0,3,3,0,25,4,8,,40,2,3,9,12,298,210,47,1,10,3,8,6,1,2,15,17,17,0,55.0,38.0,67.0,16,2,3,33,29,26,32,10,5,60,50,70
14058095,2026-01-06,1ST,bf,Côte d'Ivoire,A,L,0,3,0,0,0,14,1,7,,22,0,9,6,7,162,129,20,0,2,0,1,1,1,1,7,6,,1,34.0,34.0,86.0,4,1,1,,16,10,13,4,6,,45,21
14058095,2026-01-06,1ST,opp,Côte d'Ivoire,A,L,0,3,1,0,1,10,3,5,,25,1,8,1,1,314,290,24,1,13,4,8,7,2,5,12,8,,0,66.0,66.0,67.0,9,2,8,,29,11,13,13,10,,45,17
14058095,2026-01-06,2ND,bf,Côte d'Ivoire,A,L,0,3,0,0,0,7,1,1,,28,1,8,5,2,193,161,19,1,6,2,1,3,1,5,4,8,,0,46.0,53.0,75.0,3,0,4,,20,7,13,6,9,,37,21
14058095,2026-01-06,2ND,opp,Côte d'Ivoire,A,L,0,3,2,1,1,20,2,1,,16,2,12,5,3,164,139,23,1,8,1,8,5,2,0,6,5,,2,54.0,47.0,83.0,10,3,3,,17,11,13,8,6,,37,22
14058095,2026-01-06,ALL,bf,Côte d'Ivoire,A,L,0,3,0,0,0,21,2,8,3,50,1,17,11,9,355,290,39,1,8,2,2,4,2,6,11,14,13,1,40.0,42.0,82.0,7,1,5,58,36,17,26,10,15,97,82,42
14058095,2026-01-06,ALL,opp,Côte d'Ivoire,A,L,0,3,3,1,2,30,5,6,0,41,3,20,6,4,478,429,47,2,21,5,16,12,4,5,18,13,33,2,60.0,58.0,72.0,19,5,11,76,46,22,26,21,16,100,82,39
16189861,2026-06-05,1ST,bf,Russia,A,L,0,3,0,0,0,7,2,4,,27,0,9,2,6,197,162,21,2,2,1,2,0,1,0,3,10,,1,43.0,44.0,67.0,5,0,4,,12,17,8,4,10,,32,29
16189861,2026-06-05,1ST,opp,Russia,A,L,0,3,1,0,1,8,2,2,,23,1,6,2,6,251,218,20,1,7,2,4,1,4,3,10,6,,0,57.0,56.0,70.0,3,1,2,,20,16,8,5,3,,32,25
16189861,2026-06-05,2ND,bf,Russia,A,L,0,3,1,1,0,11,4,2,,21,0,4,6,2,152,111,23,1,7,5,4,1,1,3,7,9,,2,49.0,36.0,86.0,3,3,3,,17,18,10,8,9,,31,41
16189861,2026-06-05,2ND,opp,Russia,A,L,0,3,3,2,1,11,3,3,,26,1,8,1,2,282,250,27,1,10,3,8,5,2,2,8,2,,0,51.0,64.0,75.0,7,3,2,,14,20,10,8,6,,31,27
16189861,2026-06-05,ALL,bf,Russia,A,L,0,3,1,1,0,18,6,6,,48,0,13,8,8,349,273,44,3,9,6,6,1,2,3,10,19,21,3,46.0,40.0,80.0,8,3,7,66,29,35,18,12,19,95,63,70
16189861,2026-06-05,ALL,opp,Russia,A,L,0,3,4,2,2,19,5,5,,49,2,14,3,8,533,468,47,2,17,5,12,6,6,5,18,8,37,0,54.0,60.0,72.0,10,4,4,102,34,36,18,13,9,137,63,52
